source,location_raw,n
arbeitnow,Berlin,554
nyc_jobs,30-30 Thomson Ave L I City Qns,341
nyc_jobs,42-09 28th Street,204
arbeitnow,Munich,201
nyc_jobs,96-05 Horace Harding Expway,150
arbeitnow,Hamburg,143
arbeitnow,München,135
nyc_jobs,"1 Centre St., N.Y.",125
nyc_jobs,55 Water St Ny Ny,119
arbeitnow,Germany,114
nyc_jobs,100 Gold Street,88
nyc_jobs,"42 Broadway, N.Y.",82
nyc_jobs,4 World Trade Center,78
nyc_jobs,198 E161St Street Bronx N.Y.,78
nyc_jobs,"100 Church St., N.Y.",65
nyc_jobs,59-17 Junction Blvd Corona Ny,63
nyc_jobs,253 Broadway New York Ny,58
arbeitnow,(missing),57
nyc_jobs,"125 Worth Street, Nyc",56
arbeitnow,Köln,48
arbeitnow,Remote,48
nyc_jobs,255 Greenwich Street,48
nyc_jobs,"2 Lafayette St., N.Y.",44
arbeitnow,London,44
arbeitnow,Stuttgart,44
nyc_jobs,NYC - All Boroughs,43
nyc_jobs,5 Manhattan West,42
arbeitnow,Paris,42
nyc_jobs,30-30 47TH AVE,41
arbeitnow,Düsseldorf,39
nyc_jobs,"120 Broadway, New York, NY",36
arbeitnow,Frankfurt am Main,34
nyc_jobs,"33 Beaver St, New York Ny",34
nyc_jobs,75-20 Astoria Blvd,32
nyc_jobs,"66 John Street, New York, Ny",30
arbeitnow,"Berlin, Germany",29
nyc_jobs,375 Pearl Street,28
arbeitnow,Berlin Office,27
arbeitnow,"Berlin, Berlin",26
nyc_jobs,22 Cortlandt Street,24
arbeitnow,Karlsruhe,22
nyc_jobs,"1 Hogan Pl./100 Centre St., N.",22
nyc_jobs,180 Maiden Lane,22
arbeitnow,Homeoffice,22
arbeitnow,"Paris, France",21
arbeitnow,Cologne,20
nyc_jobs,110 William St. N Y,20
arbeitnow,Leipzig,19
arbeitnow,"London, UK",19
arbeitnow,Mainz,18
nyc_jobs,"31-00 47 Ave, 3 FL, LIC NY",18
arbeitnow,"Aachen, Germany",18
arbeitnow,Frankfurt,16
arbeitnow,"Darmstadt, DE",16
nyc_jobs,"8 E 3rd Street, N.Y., N.Y.",16
nyc_jobs,"9 Metrotech Center, Brooklyn N",16
arbeitnow,"Munich, Germany",16
nyc_jobs,"109 E 16Th St., N.Y.",14
nyc_jobs,"1 Police Plaza, N.Y.",14
arbeitnow,"Köln, Nordrhein-Westfalen, Deutschland",14
nyc_jobs,2 Metro Tech,14
nyc_jobs,"1 Lefrak City, Queens",12
nyc_jobs,470 Vanderbilt Ave,12
nyc_jobs,421 East 26th Street NY NY,12
nyc_jobs,"1075 Ralph Avenue Bklyn, N.Y.",12
nyc_jobs,59 Maiden Lane,12
arbeitnow,Dortmund,12
nyc_jobs,34-02 Queens Boulevard Long Is,11
arbeitnow,Munich Office,11
arbeitnow,Remote job,11
arbeitnow,Berlin HQ,10
nyc_jobs,1309 Fulton Ave Bronx,10
arbeitnow,Heidelberg,10
arbeitnow,Mannheim,10
nyc_jobs,"303 9Th Ave., N.Y.",10
arbeitnow,Munich HQ,10
nyc_jobs,"335 Adams Street, Brooklyn Ny",10
nyc_jobs,2400 Fulton Street,10
nyc_jobs,34-33 Junction Blvd Queens,10
nyc_jobs,"329 Greenpoint Ave., Brooklyn",10
arbeitnow,Bielefeld,9
nyc_jobs,1 Liberty Plaza NYC,9
arbeitnow,Stuttgart Schockenriedstr. 17,9
arbeitnow,"Berlin, Berlin, Germany",9
nyc_jobs,City Hall,9
nyc_jobs,"Wards Island, N.Y.",8
arbeitnow,Nuremberg,8
nyc_jobs,16 Court Street,8
arbeitnow,Nürnberg,8
nyc_jobs,Flushing Meadow Pk Olmsted Ctr,8
arbeitnow,Augsburg,8
nyc_jobs,"260 Eleventh Ave., N.Y.",8
nyc_jobs,"259 Bristol St., Brooklyn",8
nyc_jobs,"39 Auburn Pl, Brooklyn",8
nyc_jobs,560 Brook Avenue Bronx New Yor,8
arbeitnow,Bonn,8
nyc_jobs,777 Third Avenue,8
nyc_jobs,Nostrand (Trust Services),8
nyc_jobs,"158 E 115Th St., N.Y.",8
nyc_jobs,"130 Stuyvesant Place, S.I.",8
arbeitnow,United Kingdom,8
nyc_jobs,"455 First Ave., N.Y.",8
nyc_jobs,"22 Reade St, Ny",8
nyc_jobs,"215 E 161St St., Bronx",8
nyc_jobs,"1826 Arthur Ave., Bronx",8
nyc_jobs,17 Bristol Street Brooklyn Ny,8
arbeitnow,Münster,7
arbeitnow,"Berlin, Berlin; München, Bavaria",7
arbeitnow,Hamburg or Berlin,7
arbeitnow,"Frankfurt an der Oder, Brandenburg",7
nyc_jobs,"Arsenal 830 Fifth Ave, New Yor",7
nyc_jobs,"520 1St Ave., N.Y.",7
nyc_jobs,669 County Road 38,6
arbeitnow,Saarbrücken,6
nyc_jobs,"40 Worth St., N.Y.",6
nyc_jobs,Field Operations,6
arbeitnow,Dusseldorf,6
arbeitnow,"Munich, Bayern, Germany",6
arbeitnow,Manchester,6
arbeitnow,Rostock,6
arbeitnow,"London, England, United Kingdom",6
nyc_jobs,"400 8Th Ave., N.Y.",6
nyc_jobs,"430 East 30 Street, New York N",6
nyc_jobs,90-27 Parsons Boulevard,6
nyc_jobs,"123 William Street, NY, NY",6
nyc_jobs,"Hazen St-A.M.K.C., E. Elm, Ny",6
arbeitnow,"Bischofsheim bei Frankfurt, Germany",6
nyc_jobs,295 Flatbush Ext Brooklyn,6
arbeitnow,Remote - Germany,6
nyc_jobs,"2 United Nations Plaza, NY",6
arbeitnow,"Paris, Île-de-France, France",6
arbeitnow,Braunschweig,6
nyc_jobs,"80 Centre St., N.Y.",6
nyc_jobs,2238 Fifth Ave New York,6
arbeitnow,Aachen,6
nyc_jobs,"52-35 58Th St., Woodside, Ny",6
nyc_jobs,88-11 165 Street Jamaica,6
nyc_jobs,"71 Smith Avenue, Kingston, Ny",6
nyc_jobs,"851 Grand Concourse, Bronx",6
nyc_jobs,890 Garrison Avenue,6
arbeitnow,Wiesbaden,6
arbeitnow,"Berlin, Berlin, Deutschland",5
arbeitnow,Germany (Remote),5
arbeitnow,Hannover,5
arbeitnow,London Office,5
nyc_jobs,105 St & 5 Ave,5
arbeitnow,Remote (Germany),5
arbeitnow,Hamburg Office,5
arbeitnow,Remote / Düsseldorf,5
arbeitnow,Garching bei München,5
arbeitnow,Essen,5
nyc_jobs,"1322 Bedford Avenue, Bklyn.",5
arbeitnow,"Calmsden, Cirencester",5
arbeitnow,Würzburg,5
arbeitnow,Bremen,5
arbeitnow,Dresden,5
arbeitnow,"Hamburg, München, Düsseldorf, remote",4
nyc_jobs,195 Montague St Brooklyn 11201,4
nyc_jobs,2500 Halsey Street,4
arbeitnow,"London, United Kingdom",4
arbeitnow,"Clichy, Île-de-France, France",4
arbeitnow,"Garching bei München, Germany",4
arbeitnow,100% Remote in Deutschland,4
arbeitnow,"Montreuil, Île-de-France, France",4
nyc_jobs,"2551 Bainbridge Ave., Bronx",4
arbeitnow,Rotenburg,4
nyc_jobs,333 Bowery,4
nyc_jobs,"465 Columbus Ave. Valhalla, Ny",4
nyc_jobs,Manhattan Floating Staff,4
nyc_jobs,"280 Broadway, 4th Floor, N.Y.",4
nyc_jobs,95 Evergreen Ave Brooklyn,4
arbeitnow,Mülheim,4
nyc_jobs,"492 First Avenue, New York, Ny",4
nyc_jobs,40 West 137th Street,4
nyc_jobs,"165 E 126Th St., N.Y.",4
nyc_jobs,"132 W 125Th St., N.Y.",4
nyc_jobs,"151 Maujer St., Brooklyn",4
nyc_jobs,165 Cadman Plaza East,4
nyc_jobs,"26 Central Avenue, S.I.,",4
nyc_jobs,"1910 Monterey Ave., Bronx",4
nyc_jobs,"Bronx Hdqt., 1 Bx Rvr Pkwy., B",4
arbeitnow,Kiel,4
arbeitnow,Regensburg,4
nyc_jobs,1912 Mermaid Avenue,4
arbeitnow,Deutschland / Frankfurt,4
nyc_jobs,"2389 Route 28A, Shokan, Ny",4
arbeitnow,Germering / Germany,4
nyc_jobs,"33-00 Northern Blvd., Lic Ny",4
arbeitnow,Remote (Deutschland),4
arbeitnow,DE - Stuttgart,4
nyc_jobs,"219 Beach 59Th St., Queens",4
nyc_jobs,209 Joralemon St.,4
arbeitnow,"Bielefeld, Nordrhein-Westfalen, Deutschland",4
arbeitnow,Bexbach,4
nyc_jobs,"260 E 161st St., Brx",4
arbeitnow,Winnersh,4
nyc_jobs,160 West 100Th Street Ny,4
nyc_jobs,20 Westlake Drive,4
arbeitnow,"Gilching, Bayern, Germany",4
arbeitnow,Hybrid - Munich,4
arbeitnow,"Oberhausen, North Rhine-Westphalia",3
nyc_jobs,119 Washington Ave Albany Ny,3
arbeitnow,Düsseldorf und Remote,3
arbeitnow,Gilching,3
arbeitnow,Munich (DEU),3
arbeitnow,DE Munich,3
arbeitnow,Achim (bei Bremen),3
arbeitnow,Berlin/Remote,3
arbeitnow,Manufacturing & Testing Facility,3
nyc_jobs,601 New Jersey Avenue,3
arbeitnow,"Cologne, North Rhine-Westphalia, Germany",3
arbeitnow,France,3
arbeitnow,Germany - Remote,3
arbeitnow,Köln-Düsseldorf,3
arbeitnow,"Mainz, Rheinland-Pfalz, Deutschland",3
arbeitnow,Frankfurt Office,3
arbeitnow,"Reading, UK",3
arbeitnow,Karlsruhe Fautenbruchstraße,3
arbeitnow,"Heidelberg, Baden-Württemberg, Deutschland",3
arbeitnow,Osnabrück,3
arbeitnow,Berlin Fasanenstrasse,3
nyc_jobs,Default,3
arbeitnow,"Bad Salzungen, Thüringen, Deutschland",3
nyc_jobs,"350 Jay St, Brooklyn Ny",3
arbeitnow,München (81671),3
arbeitnow,Bochum,3
nyc_jobs,Randalls Island 5-Boro Shops,3
arbeitnow,Germany (Hybrid),3
arbeitnow,"Koblenz, Rheinland-Pfalz, Deutschland",3
arbeitnow,"Rostock, Mecklenburg-Vorpommern, Deutschland",3
arbeitnow,"Frankfurt, Hessen, Deutschland",3
arbeitnow,Remote oder Köln / Darmstadt / Düsseldorf / Berlin,3
arbeitnow,"Essen, Nordrhein-Westfalen",3
arbeitnow,"München, Bavaria",3
arbeitnow,Hanover,3
arbeitnow,"Paris, Paris",3
arbeitnow,"Hamburg, Hamburg",3
arbeitnow,Walldorf,3
arbeitnow,"Lille, Upline, Nord",3
arbeitnow,"Richen, Baden-Württemberg",3
arbeitnow,Deutschland / Berlin,3
arbeitnow,Germany - Munich,3
arbeitnow,Paris Office,3
arbeitnow,Kassel,3
arbeitnow,"Hamburg, Germany",3
arbeitnow,München (Hybrid),2
nyc_jobs,REES - Res Business Dev,2
nyc_jobs,Voter Engagement,2
nyc_jobs,"SVP-QA, Safety & Tech Prog",2
arbeitnow,Monheim am Rhein,2
arbeitnow,"Munich, Hybrid",2
arbeitnow,Cologne (GER),2
nyc_jobs,General Litigation,2
arbeitnow,Wangen,2
arbeitnow,Freiburg im Breisgau,2
arbeitnow,Pressig,2
nyc_jobs,"280 Broadway, 6th Floor, N.Y.",2
arbeitnow,UK London,2
nyc_jobs,QN/SI Neighborhood 03,2
arbeitnow,Sobernheim,2
nyc_jobs,Ravenswood,2
arbeitnow,"Hamburg, Hamburg, Deutschland",2
arbeitnow,Cybay Hannover,2
nyc_jobs,"135 Canal Street,Staten Island",2
arbeitnow,London (Shoreditch),2
nyc_jobs,Comprehensive Modernization,2
nyc_jobs,30-10 Starr Avenue,2
nyc_jobs,Sustainability Programs,2
arbeitnow,"Deli Bleichenbrücke, Hamburg",2
nyc_jobs,"101-07 Farragut Road, Brooklyn",2
nyc_jobs,"600 W 168Th St., N.Y.",2
nyc_jobs,"233 W 10Th St., N.Y.",2
nyc_jobs,131 Livingston Street Brooklyn,2
nyc_jobs,"305 Rider Avenue, Bronx",2
arbeitnow,Daresbury,2
nyc_jobs,1775 Grand Concourse,2
nyc_jobs,"Park Dr E & Union Tpk.,Kew Grd",2
nyc_jobs,485 Throop Ave Brooklyn,2
arbeitnow,"High Wycombe, Buckinghamshire, England",2
arbeitnow,Mapbox Germany,2
nyc_jobs,South Jamaica,2
arbeitnow,Remote Deutschland,2
arbeitnow,Recke,2
nyc_jobs,"5676 Riverdale Ave, Bronx",2
arbeitnow,Berlin (Zentrale),2
nyc_jobs,"58-52 Grand Ave, Maspeth Queen",2
nyc_jobs,Douglass Houses,2
nyc_jobs,Brooklyn Neighborhood 03,2
arbeitnow,EMEA,2
arbeitnow,"Villeneuve-d'Ascq, Nord",2
arbeitnow,"Saclay, France",2
nyc_jobs,Highbridge Gardens,2
nyc_jobs,"150 William Street, New York N",2
arbeitnow,"Rennes, Ille-et-Vilaine",2
nyc_jobs,Labor & Employee Relations,2
nyc_jobs,Elevator Svcs & Repair (Field),2
nyc_jobs,"1665 St. Marks Avenue, Brookly",2
arbeitnow,Berlin Boppstr.,2
arbeitnow,Köln Aachener Str.,2
nyc_jobs,"681 Clarkson Ave Bldg D, Bklyn",2
nyc_jobs,151 East 151st Street,2
arbeitnow,Milton Keynes Office,2
arbeitnow,"München, Bayern",2
arbeitnow,Paris La Défense,2
nyc_jobs,1780 Ocean Avenue,2
nyc_jobs,"1932 Arthur Ave, Bronx",2
arbeitnow,Pinneberg,2
nyc_jobs,"144-06 94Th Avenue, Jamaica Ny",2
arbeitnow,"München, Bayern, Germany",2
nyc_jobs,97-77 Queens Blvd,2
nyc_jobs,Bronx Floating Staff,2
arbeitnow,Westerstede,2
nyc_jobs,Vladeck Houses,2
nyc_jobs,130-30 28th Ave,2
nyc_jobs,230 East 21St Street New York,2
arbeitnow,"Limoges, Nouvelle-Aquitaine, France",2
nyc_jobs,Lafayette Gardens,2
nyc_jobs,Baruch,2
arbeitnow,Grünwald,2
arbeitnow,Rüsselsheim,2
arbeitnow,Leeds,2
arbeitnow,"Dinslaken, North Rhine-Westphalia",2
arbeitnow,"Aalen, Baden-Württemberg, Deutschland",2
arbeitnow,Munich - Office,2
nyc_jobs,VP-Strategic Services,2
nyc_jobs,"1218 Prospect Place Bklyn, N.Y",2
arbeitnow,Berlin; Munich,2
arbeitnow,Potsdam Office,2
nyc_jobs,Maximo & Asset Management,2
nyc_jobs,Accounting-General Ledger,2
nyc_jobs,198 E 161st Street,2
nyc_jobs,"32-20 Northern Blvd, L.I.C. Ny",2
nyc_jobs,"335 Central Ave., Brooklyn",2
nyc_jobs,151-20 Jamaica Avenue,2
nyc_jobs,"2575 Coney Island Ave., Brookl",2
nyc_jobs,Office of the Deputy CAO,2
nyc_jobs,"1 Metro Tech, Brooklyn Ny",2
nyc_jobs,"235 E 20Th St., N.Y.",2
arbeitnow,Lennestadt,2
arbeitnow,"Dusseldorf, North Rhine-Westphalia, Germany",2
arbeitnow,"Essen, North Rhine-Westphalia",2
arbeitnow,Hilden,2
arbeitnow,"Lyon, France",2
arbeitnow,All France (remote),2
arbeitnow,Hybrid,2
arbeitnow,"Potsdam, Brandenburg",2
arbeitnow,Brunswick (Germany),2
arbeitnow,"Paris HQ, Île de France",2
arbeitnow,Berlin (Hybrid),2
nyc_jobs,REES - Zone Coordination,2
nyc_jobs,"167 41 Street, 2Nd Fl, Bklyn N",2
nyc_jobs,Willowbrook Pk Victory Blvd,2
nyc_jobs,Hammel,2
arbeitnow,"Dresden, Altmarkt 21/22",2
arbeitnow,Offenbach,2
nyc_jobs,Prospect Pk 95 Ppw &5Th St,2
nyc_jobs,16 Court St,2
nyc_jobs,Chief Asset & Cap Mgt Officer,2
arbeitnow,München Kreativquartier,2
nyc_jobs,Admin Support Division,2
nyc_jobs,100 Central Park Ave N Yonkers,2
arbeitnow,"Schönefeld bei Berlin, Germany",2
arbeitnow,"Valbonne, Provence-Alpes-Côte d'Azur, France",2
nyc_jobs,131 Livington Street Bklyn Ny,2
nyc_jobs,Coney Island WWTP,2
nyc_jobs,"300 Skillman Avenue, Bklyn.",2
nyc_jobs,"12 W 14Th St., N.Y.",2
nyc_jobs,140 58th Street,2
nyc_jobs,265 E 161st Street,2
nyc_jobs,161-169 East 110 Street,2
nyc_jobs,15 Skyline Drive,2
arbeitnow,Biberach,2
nyc_jobs,Lehman Village,2
nyc_jobs,"10 Walker Rd, Valhalla NY10595",2
nyc_jobs,Brooklyn Floating Staff,2
arbeitnow,Berlin (on-site),2
arbeitnow,Remote Work Germany,2
nyc_jobs,Program Management T1/T2,2
arbeitnow,Konstanz,2
nyc_jobs,"66-26 Metropolitan Ave., Queen",2
nyc_jobs,Mott Haven,2
nyc_jobs,216 Rockaway Avenue,2
nyc_jobs,59-06 Laurel Hill Blvd,2
nyc_jobs,"1601 Ave. S, Brooklyn",2
nyc_jobs,"370 State Rd 990V, Gilboa",2
nyc_jobs,"Architecture Svcs, OS & Anal",2
arbeitnow,"Finto HQ, Munich",2
nyc_jobs,"215 Bay St, Staten Island Ny",2
arbeitnow,"Frankfurt am Main, Hessen, Deutschland",2
nyc_jobs,VP Office-Portfolio Oversight,2
arbeitnow,Freiburg,2
arbeitnow,"Berlin, Brandenburg; Chemnitz, Sachsen; Dresden, Sachsen",2
nyc_jobs,West Farms Road Consolidated,2
arbeitnow,"Better Place, Oranienstraße 183, Berlin",2
nyc_jobs,Riis Houses,2
arbeitnow,Saint-Denis,2
arbeitnow,Hub - Berlin,2
nyc_jobs,"198 East 161 Street, Bronx, Ny",2
arbeitnow,Deutschland / Köln,2
nyc_jobs,VP Office-Transactions,2
nyc_jobs,LHD-PH MANAGEMENT SVCS,2
nyc_jobs,122-66 Flatlands Ave,2
nyc_jobs,60 Bay St. S.I. Ny,2
arbeitnow,Germany - Berlin,2
nyc_jobs,Queens-SI Floating Staff,2
arbeitnow,Coburg,2
arbeitnow,Aerzen,1
arbeitnow,Molbergen,1
arbeitnow,Eggenfelden,1
arbeitnow,🇩🇪 Munich (hybrid),1
arbeitnow,Hartmannsdorf,1
arbeitnow,"Mannheim, Rheinland-Pfalz, Deutschland",1
arbeitnow,Landshut,1
arbeitnow,Pforzheim,1
arbeitnow,"Gemmingen, Baden-Württemberg",1
arbeitnow,Store München,1
arbeitnow,Heilbronn,1
arbeitnow,"Regensburg, Bayern, Deutschland",1
arbeitnow,Remote - UK,1
arbeitnow,Cologne / Remote from Germany,1
arbeitnow,"Nürnberg, Bavaria",1
arbeitnow,Kirchzarten,1
arbeitnow,"Ahrensburg, Schleswig-Holstein, Deutschland",1
arbeitnow,Dusseldorf; Frankfurt; Hamburg; Munich,1
arbeitnow,Marlow,1
arbeitnow,Homburg,1
arbeitnow,Remote within Germany,1
arbeitnow,"France, Remote",1
arbeitnow,"Kaarst, Nordrhein-Westfalen, Deutschland",1
arbeitnow,Umschulungsstandort München,1
arbeitnow,Speyer,1
arbeitnow,"Bonn, Nordrhein-Westfalen, Deutschland",1
arbeitnow,Brandenburg,1
arbeitnow,Ratingen,1
arbeitnow,Dusseldorf; Frankfurt; Munich,1
arbeitnow,Rottweil,1
arbeitnow,"Freiberg, Sachsen, Deutschland",1
arbeitnow,Germany - Munich | Hybrid,1
arbeitnow,UK (Remote),1
arbeitnow,Grasbrunn,1
arbeitnow,RENEWA - Hamburg,1
arbeitnow,"Rennes, France",1
arbeitnow,Hausarztzentrum Deidesheim,1
arbeitnow,Stockstadt am Main,1
arbeitnow,"Viernheim, Hesse",1
arbeitnow,"Zell, Rheinland-Pfalz, Deutschland",1
arbeitnow,Munich - Stuttgart - Frankfurt - Hanover,1
arbeitnow,DE - Berlin,1
arbeitnow,"Berlin, Marzahn, Berlin, Deutschland",1
arbeitnow,Denzlingen,1
arbeitnow,Hybrid/München,1
arbeitnow,Deutschland / Düsseldorf,1
arbeitnow,"Dortmund, Hamburg, Erfurt, Karlsruhe, Leipzig",1
arbeitnow,Deutschland: Berlin,1
arbeitnow,"9th arrondissement of Paris, 75009, Paris",1
arbeitnow,Bayern,1
arbeitnow,"Wuppertal, Nordrhein-Westfalen, Deutschland",1
arbeitnow,Krefeld,1
arbeitnow,Jülich,1
arbeitnow,Gudensberg,1
arbeitnow,Zilch UK,1
arbeitnow,Konz,1
arbeitnow,Büro Frankfurt,1
arbeitnow,RAF Mildenhall,1
arbeitnow,RENEWA - München,1
arbeitnow,Undisclosed test site 35km from Munich,1
arbeitnow,Quadriga Media Berlin GmbH,1
arbeitnow,"Roissy-en-France, France",1
arbeitnow,Otterstadt,1
arbeitnow,United Kingdom - Remote,1
arbeitnow,Lübeck,1
arbeitnow,Gescher,1
arbeitnow,"München, Germany",1
arbeitnow,Varel,1
arbeitnow,"Wiesenena, Sachsen, Deutschland",1
arbeitnow,Ludwigshafen,1
arbeitnow,Baden Württemberg,1
arbeitnow,"Munich, GER",1
arbeitnow,Memmingen,1
arbeitnow,Freiburg-Basel,1
arbeitnow,Eilsleben,1
arbeitnow,"Nîmes, Occitanie, France",1
arbeitnow,Vlotho,1
arbeitnow,"Hamburg, Gotenstraße",1
arbeitnow,Hamburg HQ,1
arbeitnow,Wartmannsroth,1
arbeitnow,Bristol,1
arbeitnow,Remote Germany,1
arbeitnow,Ismaning,1
arbeitnow,Langenzenn,1
arbeitnow,"Nantes, Loire-Atlantique",1
arbeitnow,Toulouse,1
arbeitnow,Frankfurt Bockenheim,1
arbeitnow,RENEWA - Köln,1
arbeitnow,"Berlin, Berlin; Frankfurt am Main, Hesse; Hannover, Lower Saxony; München, Bavaria",1
arbeitnow,York,1
nyc_jobs,"88 East End Ave, Ny",1
arbeitnow,Munich HQ (Karlsfeld),1
arbeitnow,Ludwigshafen am Rhein,1
arbeitnow,Hürth,1
arbeitnow,Office München,1
arbeitnow,"Bad Hersfeld, Hesse; München, Bavaria",1
arbeitnow,"Saint-Etienne, Auvergne-Rhône-Alpes, France",1
arbeitnow,Köln HQ,1
arbeitnow,Germany (Weimar),1
arbeitnow,Tawern,1
arbeitnow,Landsberg am Lech,1
arbeitnow,"Munich, Bavaria, Germany",1
arbeitnow,LifeLink Nuklearmedizin Bremen,1
arbeitnow,Bad Salzuflen,1
arbeitnow,Lauter,1
arbeitnow,Ingolstadt,1
arbeitnow,Föhren,1
arbeitnow,München + Remote,1
arbeitnow,Remote in Germany,1
arbeitnow,Leimersheim,1
arbeitnow,Maintal,1
arbeitnow,Wolfsburg,1
arbeitnow,"Falkensee, Brandenburg",1
arbeitnow,Remote in Deutschland,1
arbeitnow,DE Remote,1
arbeitnow,Großpösna,1
arbeitnow,Maidenhead,1
arbeitnow,Remote - Europe,1
arbeitnow,Buchholz in der Nordheide,1
arbeitnow,Alpirsbach,1
arbeitnow,Schlüchtern,1
arbeitnow,"Fürth, Bavaria",1
arbeitnow,"Hamburg, Valentinskamp 70, 20355 Hamburg",1
arbeitnow,Krumbach,1
nyc_jobs,St Marys Pk E 149Th St Bx,1
nyc_jobs,"111 Washington Ave, Albany, Ny",1
arbeitnow,"Leipzig, Sachsen, Germany",1
arbeitnow,"Ratingen, Nordrhein-Westfalen, Deutschland",1
arbeitnow,Zerbst,1
arbeitnow,"London, Greater London, United Kingdom",1
arbeitnow,Köln Zentrale,1
arbeitnow,Berlin-Tegel,1
arbeitnow,"Finchley Central, North London",1
arbeitnow,"Heidelberg, Baden-Württemberg",1
arbeitnow,Falkensee,1
arbeitnow,"Hamm, North Rhine-Westphalia",1
arbeitnow,Dorsten,1
arbeitnow,"Köln, North Rhine-Westphalia, Germany",1
arbeitnow,"Ahlen, North Rhine-Westphalia",1
arbeitnow,"Évreux, France",1
arbeitnow,"Munich, Germany (Hybrid)",1
arbeitnow,Ulm,1
arbeitnow,Berlin | DACH Team,1
arbeitnow,Hamburg (hybrid),1
arbeitnow,Kaiserslautern,1
arbeitnow,Hamburg (HH),1
arbeitnow,Berlin - hybrid,1
arbeitnow,Büro Köln,1
arbeitnow,"Gudensberg, Hessen, Deutschland",1
arbeitnow,EU Remote | Berlin,1
arbeitnow,Enge-Sande,1
arbeitnow,LiveEO GmbH Berlin (Onsite),1
arbeitnow,Singen,1
arbeitnow,Neuss,1
arbeitnow,"Europe, France",1
arbeitnow,"Glasgow, Scotland, United Kingdom",1
arbeitnow,Dormagen (Kieler Straße 16),1
arbeitnow,Neuwied,1
arbeitnow,Nieder-Olm,1
arbeitnow,Werken op afstand,1
arbeitnow,"Düsseldorf, Nordrhein-Westfalen, Deutschland",1
arbeitnow,Leverkusen,1
arbeitnow,Knick Berlin,1
arbeitnow,Herborn,1
arbeitnow,"Dormagen, Nordrhein-Westfalen, Deutschland",1
arbeitnow,Rehfelde,1
arbeitnow,Berlin | Global Team,1
arbeitnow,Tuttlingen,1
arbeitnow,London hybrid (3 days in office),1
arbeitnow,Bundesgeschäftsstelle (Berlin),1
arbeitnow,Esslingen,1
arbeitnow,FR - Paris,1
arbeitnow,Berlin-Kreuzberg,1
arbeitnow,Poste à distance,1
arbeitnow,"Erlangen, Bavaria",1
arbeitnow,"Ecully, Auvergne-Rhône-Alpes, France",1
arbeitnow,Süderlügum,1
arbeitnow,Deutschland / München,1
arbeitnow,GB - London,1
arbeitnow,Göppingen,1
arbeitnow,Cheltenham,1
arbeitnow,"Munich, DE",1
arbeitnow,"Wiesbaden, Germany",1
arbeitnow,Erasmus Kindergarten Berliner Straße,1
arbeitnow,Forchheim,1
arbeitnow,"Manchester, UK",1
arbeitnow,Bernkastel-Kues,1
arbeitnow,Aalen,1
arbeitnow,Königsdorf,1
arbeitnow,Flagship Store Heidelberg,1
arbeitnow,Altlußheim,1
arbeitnow,"Mannheim, Remote",1
arbeitnow,Deutschland,1
arbeitnow,Kempten,1
arbeitnow,Berlin / Remote,1
arbeitnow,"Bergedorf, Hamburg, Deutschland",1
arbeitnow,Erlangen,1
arbeitnow,"München, Bayern, Deutschland",1
arbeitnow,Gottmadingen,1
arbeitnow,"Koblenz, Germany",1
arbeitnow,Nackenheim,1
arbeitnow,Remote - Munich,1
arbeitnow,"Aschaffenburg, Bayern, Deutschland",1
arbeitnow,Deutschland / Stuttgart,1
arbeitnow,Frankfurt am Main - Hybrid,1
arbeitnow,Leipzig - KHS,1
arbeitnow,Detmold,1
arbeitnow,"Spain, Austria",1
arbeitnow,Garching b. München (DE),1
arbeitnow,"Knesebeckstrasse 62/63, 10719 Berlin",1
arbeitnow,Troisdorf,1
arbeitnow,Bakum,1
arbeitnow,Duisburg,1
arbeitnow,Worms,1
arbeitnow,München-Unterhaching,1
arbeitnow,Meppen,1
arbeitnow,"Nantes, France",1
arbeitnow,"Berlin, Hybrid",1
arbeitnow,Bordeaux,1
arbeitnow,"Keynsham, Bristol, England",1
arbeitnow,Celle,1
arbeitnow,UK Remote,1
arbeitnow,Villingen-Schwenningen,1
arbeitnow,Garching & München,1
arbeitnow,Lünen,1
arbeitnow,Schweinfurt,1
arbeitnow,"Lyon, Auvergne-Rhône-Alpes, France",1
arbeitnow,Bernau bei Berlin,1
arbeitnow,Ostfildern,1
arbeitnow,Kirchheim bei München,1
arbeitnow,DMT-Germany - Wessling,1
arbeitnow,Karlstein am Main,1
arbeitnow,"Dresden, Sachsen, Germany",1
arbeitnow,Hochdorf-Assenheim,1
arbeitnow,Olpe,1
arbeitnow,"Hannover, Lower Saxony",1
arbeitnow,Tholey,1
arbeitnow,Ötzingen,1
arbeitnow,"Deutschland, Österreich, Schweiz und Italien",1
arbeitnow,Gütersloh,1
arbeitnow,Grafenwohr,1
arbeitnow,Dinslaken,1
arbeitnow,Berlin; Munich; Remote,1
arbeitnow,Koblenz,1
nyc_jobs,Crotona Pk Southern Blvd Bx,1
arbeitnow,"Parsdorf, Bavaria",1
arbeitnow,Kleinostheim,1
arbeitnow,Dormagen,1
arbeitnow,Nessetal,1
arbeitnow,Borken,1
arbeitnow,Tübingen,1
arbeitnow,Rheinmünster,1
arbeitnow,Ahrensburg,1
nyc_jobs,Alley Pond Pk Tennis Union Tpk,1
arbeitnow,Ampfing,1
arbeitnow,Ravensburg,1
arbeitnow,Berlin; Hamburg,1
arbeitnow,Langenhagen,1
arbeitnow,Gräfelfing,1
arbeitnow,Spaichingen,1
arbeitnow,Mainz oder Berlin,1
arbeitnow,Schwaikheim,1
arbeitnow,Magdeburg,1
arbeitnow,Donauworth,1
arbeitnow,"Berlin, DE | Düsseldorf",1
nyc_jobs,24 West 61 Street,1
arbeitnow,LiveEO GmbH Berlin Office (Hybrid),1
arbeitnow,RYZE Digital Holding GmbH Mainz,1
arbeitnow,Darmstadt,1
arbeitnow,"Biblis, DE",1
arbeitnow,Veringenstadt,1
arbeitnow,"Bergkamen, North Rhine-Westphalia",1
arbeitnow,"Remote - Germany, Austria, Poland, the UK or Turkey",1
arbeitnow,Dreieich,1
arbeitnow,Oberhaching,1
arbeitnow,Wiesbaden (WIE),1
arbeitnow,"Mannheim, Baden-Württemberg",1
arbeitnow,"Regensburg, Bayern, Germany",1
arbeitnow,Eschborn,1
arbeitnow,"Germany, Remote",1
arbeitnow,Eltmann,1
arbeitnow,Körperich,1
arbeitnow,Elsterberg,1
arbeitnow,Bad Tölz,1
