sample_rank,posting_id,source,job_title,normalized_job_title,seniority,length_tercile,description_word_count,stratum,phase,in_gold_100,sampling_seed,sampling_rules,posting_text_sha256,title_group_analysis_only
1,2a4423734ff48b1da59d,arbeitnow,Founders Associate to CEO (f/m/x),founders associate to ceo,executive,long,1439,arbeitnow|executive|long,dual_model,False,ie7945-sprint2-v1,job_postings_unique; language='en'; description_word_count>=80; equal per-source share; round-robin over seniority x length-tercile strata; sha256(seed|posting_id) order; one posting per normalized_job_title,5901ec46032c042ae53a2ffb266b556892178a731c49e752d845912675b88925,unclassified
2,80f6da7f0eec5c160699,nyc_jobs,Executive Director,executive director,executive,long,733,nyc_jobs|executive|long,dual_model,True,ie7945-sprint2-v1,job_postings_unique; language='en'; description_word_count>=80; equal per-source share; round-robin over seniority x length-tercile strata; sha256(seed|posting_id) order; one posting per normalized_job_title,7f97cbe68f9930a812cbae905b96b44244942c74d71e1ee28da9068f9125e803,operations / management
3,35e025198cd12e1915a8,arbeitnow,Business Development Manager (Bristol),business development manager bristol,manager,short,548,arbeitnow|manager|short,dual_model,False,ie7945-sprint2-v1,job_postings_unique; language='en'; description_word_count>=80; equal per-source share; round-robin over seniority x length-tercile strata; sha256(seed|posting_id) order; one posting per normalized_job_title,5f48d80b038074b7e3dce6f0969d380ffb98784b5c310d0b4e886ec80fc36c81,sales / marketing / customer
4,4c7cd47d220c0129298d,nyc_jobs,Circular Economy Program Manager,circular economy program manager,manager,short,423,nyc_jobs|manager|short,dual_model,True,ie7945-sprint2-v1,job_postings_unique; language='en'; description_word_count>=80; equal per-source share; round-robin over seniority x length-tercile strata; sha256(seed|posting_id) order; one posting per normalized_job_title,72289bc31d770f65122a3a5e5e26a9c28a7f81e8e1eeb8654f98c5c7ae3daf5b,policy / research / planning
5,5ae5e48ce667c9d1c894,arbeitnow,Working Student – Content and Data Management (all genders),working student content and data management,intern_student,medium,721,arbeitnow|intern_student|medium,dual_model,False,ie7945-sprint2-v1,job_postings_unique; language='en'; description_word_count>=80; equal per-source share; round-robin over seniority x length-tercile strata; sha256(seed|posting_id) order; one posting per normalized_job_title,147f9a05a5ee1df07610c43becb5a623807cb62de2268f3cd7cb5ca822958527,software / data / IT
6,80fd4a82c581d7be2fd6,nyc_jobs,Appraiser Intern,appraiser intern,intern_student,medium,557,nyc_jobs|intern_student|medium,dual_model,True,ie7945-sprint2-v1,job_postings_unique; language='en'; description_word_count>=80; equal per-source share; round-robin over seniority x length-tercile strata; sha256(seed|posting_id) order; one posting per normalized_job_title,d18c577458d8bb1860b578677244655791631b7003f3774325e838dbff5ce239,intern / student
7,615ca0f86df809abe767,arbeitnow,VP - Head of Toronto,vp - head of toronto,executive,medium,647,arbeitnow|executive|medium,dual_model,True,ie7945-sprint2-v1,job_postings_unique; language='en'; description_word_count>=80; equal per-source share; round-robin over seniority x length-tercile strata; sha256(seed|posting_id) order; one posting per normalized_job_title,b6e89b9c7f5a1c0298fe8ca8db9e80e1a02d1ee12bb273f186d5700ca243bc0e,operations / management
8,b59cac3ec4f2871a7963,nyc_jobs,Deputy Commissioner/Chief Compliance and Equal Employment Opportunity Officer,deputy commissioner/chief compliance and equal employment opportunity officer,executive,medium,651,nyc_jobs|executive|medium,dual_model,False,ie7945-sprint2-v1,job_postings_unique; language='en'; description_word_count>=80; equal per-source share; round-robin over seniority x length-tercile strata; sha256(seed|posting_id) order; one posting per normalized_job_title,358969417ca78dc950d7f6e3802a66f1508afc1e9a7279415a262677c769f465,legal / compliance
9,674daec54fefda4eb7d0,arbeitnow,Senior Software Engineer (m/f/d),senior software engineer,experienced,short,575,arbeitnow|experienced|short,dual_model,False,ie7945-sprint2-v1,job_postings_unique; language='en'; description_word_count>=80; equal per-source share; round-robin over seniority x length-tercile strata; sha256(seed|posting_id) order; one posting per normalized_job_title,b4c5bbbc92bf9f13b0a0ede83fe32ff4a547b2b7b262d37ca3f909a19eeffed1,software / data / IT
10,53e4556f753510a75c35,nyc_jobs,Outreach Liaison,outreach liaison,experienced,short,414,nyc_jobs|experienced|short,dual_model,False,ie7945-sprint2-v1,job_postings_unique; language='en'; description_word_count>=80; equal per-source share; round-robin over seniority x length-tercile strata; sha256(seed|posting_id) order; one posting per normalized_job_title,e91befe193a783f3be89e3871c350fd7ae9e2076a3aecf8b3efa3014dd23f01c,sales / marketing / customer
11,e2b9292f713a5f914995,arbeitnow,CEO / Business Co-Founder (f/m/d) role at startup FAMILY FLOW,ceo / business co-founder role at startup family flow,executive,short,463,arbeitnow|executive|short,dual_model,True,ie7945-sprint2-v1,job_postings_unique; language='en'; description_word_count>=80; equal per-source share; round-robin over seniority x length-tercile strata; sha256(seed|posting_id) order; one posting per normalized_job_title,7b88f059cd8e6690720adf1aa45a6e6eefdc201fcb8b7b2ea38db1e36f4049d9,unclassified
12,df716493d4353d446b48,nyc_jobs,Deputy Commissioner for Roadway Repair and Maintenance,deputy commissioner for roadway repair and maintenance,executive,short,365,nyc_jobs|executive|short,dual_model,False,ie7945-sprint2-v1,job_postings_unique; language='en'; description_word_count>=80; equal per-source share; round-robin over seniority x length-tercile strata; sha256(seed|posting_id) order; one posting per normalized_job_title,2467abb9783f34c19b7569ff38eb0ad7e5c2a912a235a8dad82e8d393373bcf1,operations / management
13,798de891e649970c4db8,arbeitnow,Principal AI Engineer (m/f/x) - Industrial AI Engineering,principal ai engineer - industrial ai engineering,experienced,long,883,arbeitnow|experienced|long,dual_model,True,ie7945-sprint2-v1,job_postings_unique; language='en'; description_word_count>=80; equal per-source share; round-robin over seniority x length-tercile strata; sha256(seed|posting_id) order; one posting per normalized_job_title,361e0ca40b49f1200a7d46a408f0c82108b0465ddb2ecf0988ddc48d5c9e9f92,software / data / IT
14,97e119a2d817286b108f,nyc_jobs,"Early Childhood Education Consultant, Bureau of Childcare",early childhood education consultant bureau of childcare,experienced,long,844,nyc_jobs|experienced|long,dual_model,False,ie7945-sprint2-v1,job_postings_unique; language='en'; description_word_count>=80; equal per-source share; round-robin over seniority x length-tercile strata; sha256(seed|posting_id) order; one posting per normalized_job_title,3f16a1a5c72635150925c64a35705dad3fb156604fa365285ed870ce723148d3,unclassified
15,ba09100003e61c3664ea,arbeitnow,Founders Associate – COO Office -Product Communication & Change Management (all genders),founders associate coo office -product communication & change management,intern_student,short,372,arbeitnow|intern_student|short,dual_model,False,ie7945-sprint2-v1,job_postings_unique; language='en'; description_word_count>=80; equal per-source share; round-robin over seniority x length-tercile strata; sha256(seed|posting_id) order; one posting per normalized_job_title,3b27285e2a2ecf759981c7c72989aca1f279010677151fa358e2685ec4a329ac,product / design / UX
16,6a99e4f165697e252b17,nyc_jobs,College Aide,college aide,intern_student,short,366,nyc_jobs|intern_student|short,dual_model,True,ie7945-sprint2-v1,job_postings_unique; language='en'; description_word_count>=80; equal per-source share; round-robin over seniority x length-tercile strata; sha256(seed|posting_id) order; one posting per normalized_job_title,c9dc8456556e7aedf37ed6b997032c323c08e7ab7efa9e2a41daa51a93ef81d8,unclassified
17,a73048332d44b501d8e8,arbeitnow,Capital Markets Associate,capital markets associate,entry,short,314,arbeitnow|entry|short,dual_model,True,ie7945-sprint2-v1,job_postings_unique; language='en'; description_word_count>=80; equal per-source share; round-robin over seniority x length-tercile strata; sha256(seed|posting_id) order; one posting per normalized_job_title,6a0d0d83eba01795cfe6fb15dd73f4b5f1444755338e0f25e994c6b95c72938f,unclassified
18,56a023230654f22dd021,nyc_jobs,Community Assistant,community assistant,entry,short,239,nyc_jobs|entry|short,dual_model,True,ie7945-sprint2-v1,job_postings_unique; language='en'; description_word_count>=80; equal per-source share; round-robin over seniority x length-tercile strata; sha256(seed|posting_id) order; one posting per normalized_job_title,0c83ea1cc4ba837d9619f5126f47b2e1e14e78724f7133cbf2c7081159084db9,HR / people / admin
19,4cfe0a49a6228db4fdb8,arbeitnow,Senior Product Manager - Client Experience & Engagement (f/m/d),senior product manager - client experience & engagement,manager,long,1204,arbeitnow|manager|long,dual_model,False,ie7945-sprint2-v1,job_postings_unique; language='en'; description_word_count>=80; equal per-source share; round-robin over seniority x length-tercile strata; sha256(seed|posting_id) order; one posting per normalized_job_title,5af000a45f81f52e5af06c810524e314687c3a07361128e63f6eb93053d29be4,product / design / UX
20,3b4c29db562915cd966f,nyc_jobs,"Clearance Supervisor, Bureau of Childcare",clearance supervisor bureau of childcare,manager,long,1007,nyc_jobs|manager|long,dual_model,True,ie7945-sprint2-v1,job_postings_unique; language='en'; description_word_count>=80; equal per-source share; round-robin over seniority x length-tercile strata; sha256(seed|posting_id) order; one posting per normalized_job_title,263bfe2450523da02848ff981f890bcaed377a685490cb2da89ced82aa62c57a,operations / management
21,41791a6083070a346971,arbeitnow,People & Culture Specialist (f/m/d),people & culture specialist,unknown,short,482,arbeitnow|unknown|short,dual_model,True,ie7945-sprint2-v1,job_postings_unique; language='en'; description_word_count>=80; equal per-source share; round-robin over seniority x length-tercile strata; sha256(seed|posting_id) order; one posting per normalized_job_title,513becbfa4a739d2553609935d947f1fed30b1e76981f103035b2c362c64a8db,HR / people / admin
22,304b71da9475fadb7614,nyc_jobs,Communications Associate,communications associate,experienced,medium,449,nyc_jobs|experienced|medium,dual_model,False,ie7945-sprint2-v1,job_postings_unique; language='en'; description_word_count>=80; equal per-source share; round-robin over seniority x length-tercile strata; sha256(seed|posting_id) order; one posting per normalized_job_title,6bb09c3ed997f547001d22a41cd4c3f49a629dd294ee91dd6d74c97c9dec24d1,sales / marketing / customer
23,149a8d2d5395ce0c7382,arbeitnow,Senior Teamcenter Administrator,senior teamcenter administrator,senior,short,534,arbeitnow|senior|short,dual_model,False,ie7945-sprint2-v1,job_postings_unique; language='en'; description_word_count>=80; equal per-source share; round-robin over seniority x length-tercile strata; sha256(seed|posting_id) order; one posting per normalized_job_title,fffb63083c52007b831dedc69e1032ca9c563ea166035d2786d65f8af2cd5b1d,unclassified
24,8e6130d1204b47bc4e3a,nyc_jobs,Aquatics Specialist,aquatics specialist,entry,medium,492,nyc_jobs|entry|medium,dual_model,False,ie7945-sprint2-v1,job_postings_unique; language='en'; description_word_count>=80; equal per-source share; round-robin over seniority x length-tercile strata; sha256(seed|posting_id) order; one posting per normalized_job_title,14d9ee67960ca6588776437418499e9e1d7765c9768adb4c09f0c60c097f989a,unclassified
25,fccbd6e81ed853cffd6d,arbeitnow,Fuel Cycle Fuel Recycling Lead (f/m/d),fuel cycle fuel recycling lead,senior,medium,758,arbeitnow|senior|medium,dual_model,True,ie7945-sprint2-v1,job_postings_unique; language='en'; description_word_count>=80; equal per-source share; round-robin over seniority x length-tercile strata; sha256(seed|posting_id) order; one posting per normalized_job_title,63bdcd4736a365b52989b6475575984a66332c5fd2c3569958b7fc08e948b38c,operations / management
26,622c7c71deb0fb8b4880,nyc_jobs,"Director, Reasonable Accommodations",director reasonable accommodations,manager,medium,525,nyc_jobs|manager|medium,dual_model,True,ie7945-sprint2-v1,job_postings_unique; language='en'; description_word_count>=80; equal per-source share; round-robin over seniority x length-tercile strata; sha256(seed|posting_id) order; one posting per normalized_job_title,adb61691aaac0720fd346631e50d17545d20685486abcb58463443ae814d9256,operations / management
27,506dc4579e5e38a043d9,arbeitnow,Fullstack Platform Engineer,fullstack platform engineer,unknown,medium,662,arbeitnow|unknown|medium,dual_model,True,ie7945-sprint2-v1,job_postings_unique; language='en'; description_word_count>=80; equal per-source share; round-robin over seniority x length-tercile strata; sha256(seed|posting_id) order; one posting per normalized_job_title,7e844087b466bcae0c529f16fb4f3392be0d3c80c64ae8e80c60cc3e59c1be11,engineering / architecture (non-software)
28,2213f5426499a37cd6e2,nyc_jobs,Construction Intern,construction intern,intern_student,long,869,nyc_jobs|intern_student|long,dual_model,True,ie7945-sprint2-v1,job_postings_unique; language='en'; description_word_count>=80; equal per-source share; round-robin over seniority x length-tercile strata; sha256(seed|posting_id) order; one posting per normalized_job_title,ef73307f9063da7ebbefc46e7760365db2cb25471f9777ac71bae92fcd50a159,engineering / architecture (non-software)
29,ff3c9010a439d5f19ba5,arbeitnow,(Senior) Product Manager Energy (m/f/d),senior product manager energy,experienced,medium,667,arbeitnow|experienced|medium,dual_model,False,ie7945-sprint2-v1,job_postings_unique; language='en'; description_word_count>=80; equal per-source share; round-robin over seniority x length-tercile strata; sha256(seed|posting_id) order; one posting per normalized_job_title,84f94fa1075b0a722ed515c6427d3c5afbc06b593a06244b52644bf1f016d010,product / design / UX
30,2bf63a069cacd30aafbc,nyc_jobs,Analyst FEMA Revenue Accountability and Reporting,analyst fema revenue accountability and reporting,entry,long,671,nyc_jobs|entry|long,dual_model,False,ie7945-sprint2-v1,job_postings_unique; language='en'; description_word_count>=80; equal per-source share; round-robin over seniority x length-tercile strata; sha256(seed|posting_id) order; one posting per normalized_job_title,68e35dd7603a5bee22a9b1389e0510fad32a481ae7a76a30b66c2f24d1677805,finance / accounting / audit
31,a146bd4acd3f84c2cf13,arbeitnow,Junior Data Engineer & MarTech Specialist (Mobile Apps) (m/w/d),junior data engineer & martech specialist mobile apps,entry,medium,662,arbeitnow|entry|medium,dual_model,True,ie7945-sprint2-v1,job_postings_unique; language='en'; description_word_count>=80; equal per-source share; round-robin over seniority x length-tercile strata; sha256(seed|posting_id) order; one posting per normalized_job_title,5fdf60c7fb4081db43a383f48cd5ba20b4dfb2cdb7ab08daf8b22ffd012d5af7,software / data / IT
32,94eeac045a9d0989ab27,nyc_jobs,General Counsel,general counsel,executive,long,934,nyc_jobs|executive|long,dual_model,False,ie7945-sprint2-v1,job_postings_unique; language='en'; description_word_count>=80; equal per-source share; round-robin over seniority x length-tercile strata; sha256(seed|posting_id) order; one posting per normalized_job_title,1139337c07bed4a624a8821f10c4e4d5b9dbaf4e04c63be0787b861c157d2bb9,legal / compliance
33,26a8bb35db6ea7946925,arbeitnow,Principal of Information Security (f/m/d),principal of information security,senior,long,1281,arbeitnow|senior|long,dual_model,False,ie7945-sprint2-v1,job_postings_unique; language='en'; description_word_count>=80; equal per-source share; round-robin over seniority x length-tercile strata; sha256(seed|posting_id) order; one posting per normalized_job_title,1470000f44413437a3a197ed4f505e2ca2ef36a3647060c49e3b913cfe468c31,unclassified
34,835d55784f762bec770d,nyc_jobs,"Deputy Director, SLA",deputy director sla,manager,short,420,nyc_jobs|manager|short,dual_model,True,ie7945-sprint2-v1,job_postings_unique; language='en'; description_word_count>=80; equal per-source share; round-robin over seniority x length-tercile strata; sha256(seed|posting_id) order; one posting per normalized_job_title,1afb8c37be4d00deb28eec183f154ad4a54e2eac4ff03c730cae9ac2ef7c0d5e,operations / management
35,6abe29c3ccb7241a403c,arbeitnow,Product Growth Manager,product growth manager,manager,medium,771,arbeitnow|manager|medium,dual_model,True,ie7945-sprint2-v1,job_postings_unique; language='en'; description_word_count>=80; equal per-source share; round-robin over seniority x length-tercile strata; sha256(seed|posting_id) order; one posting per normalized_job_title,8f7ebb6eb3f80ec229ede9386a6bb83d8d9f240cf489754d0cd8f4bfa8610dab,product / design / UX
36,4b0c7f0ad5cce52c7bdf,nyc_jobs,IT Intern,it intern,intern_student,medium,609,nyc_jobs|intern_student|medium,dual_model,True,ie7945-sprint2-v1,job_postings_unique; language='en'; description_word_count>=80; equal per-source share; round-robin over seniority x length-tercile strata; sha256(seed|posting_id) order; one posting per normalized_job_title,7aec2d6d85c24877df3bd1da63c28ac4860d0061e30b0db8dfa1e0add8e3f806,software / data / IT
37,e2b62c02cbe22cc016e2,arbeitnow,Working Student AI Support & Operations,working student ai support & operations,intern_student,long,854,arbeitnow|intern_student|long,dual_model,False,ie7945-sprint2-v1,job_postings_unique; language='en'; description_word_count>=80; equal per-source share; round-robin over seniority x length-tercile strata; sha256(seed|posting_id) order; one posting per normalized_job_title,dbda281abd21994606ad2bf2067b4c62e1ca637588e9b4091b4bec0fe7a90f98,software / data / IT
38,50d7802bf29a2fa99d4e,nyc_jobs,Contract Administrator,contract administrator,experienced,short,348,nyc_jobs|experienced|short,dual_model,True,ie7945-sprint2-v1,job_postings_unique; language='en'; description_word_count>=80; equal per-source share; round-robin over seniority x length-tercile strata; sha256(seed|posting_id) order; one posting per normalized_job_title,c27775f362f93bf53b44f59d78895b03d117766deb2e03d6bfd6ad431354e58d,finance / accounting / audit
39,4b04c180a59634bd2d72,arbeitnow,Founder's Associate (f/m/x),founder s associate,entry,long,1057,arbeitnow|entry|long,dual_model,True,ie7945-sprint2-v1,job_postings_unique; language='en'; description_word_count>=80; equal per-source share; round-robin over seniority x length-tercile strata; sha256(seed|posting_id) order; one posting per normalized_job_title,86b15c420fe0cb9496ed36cb6f72ddd451a472ab26bc260f43121b1be1d14d00,unclassified
40,06b6dd6358027314646f,nyc_jobs,Chief Operations Officer/Deputy Commissioner of Ferries,chief operations officer/deputy commissioner of ferries,executive,short,356,nyc_jobs|executive|short,dual_model,True,ie7945-sprint2-v1,job_postings_unique; language='en'; description_word_count>=80; equal per-source share; round-robin over seniority x length-tercile strata; sha256(seed|posting_id) order; one posting per normalized_job_title,2234a20912750050a2376f18796dca4d0a0e0362b0eea73d2701c6ad3b25542b,HR / people / admin
41,310b9bece1e530172441,arbeitnow,AI Automation Specialist - Marketing & GTM (d/f/m),ai automation specialist - marketing & gtm,unknown,long,1179,arbeitnow|unknown|long,dual_model,False,ie7945-sprint2-v1,job_postings_unique; language='en'; description_word_count>=80; equal per-source share; round-robin over seniority x length-tercile strata; sha256(seed|posting_id) order; one posting per normalized_job_title,353ea4cdffccec3d851a698e2d7e93b5592222997959cbe7fb805bf4fbcb1b6a,software / data / IT
42,0c9b39100b48af6088d7,nyc_jobs,BOB- Special Projects Coordinator,bob- special projects coordinator,experienced,long,858,nyc_jobs|experienced|long,dual_model,False,ie7945-sprint2-v1,job_postings_unique; language='en'; description_word_count>=80; equal per-source share; round-robin over seniority x length-tercile strata; sha256(seed|posting_id) order; one posting per normalized_job_title,ad2f3685999850280803b52943cbdb893820e1577dfdf1f96ad91476eab4c153,operations / management
43,5f6558e9db057f08f998,arbeitnow,Tech Lead / CTO (m/w/d),tech lead / cto,executive,long,1761,arbeitnow|executive|long,dual_model,True,ie7945-sprint2-v1,job_postings_unique; language='en'; description_word_count>=80; equal per-source share; round-robin over seniority x length-tercile strata; sha256(seed|posting_id) order; one posting per normalized_job_title,3ef44d26614f1059b29a4a2faeca7ae3352b3008270dd478929d597f7cfb8bb0,software / data / IT
44,2262bf490b2b9c18f38e,nyc_jobs,College Aide (Graduate),college aide graduate,intern_student,short,374,nyc_jobs|intern_student|short,dual_model,False,ie7945-sprint2-v1,job_postings_unique; language='en'; description_word_count>=80; equal per-source share; round-robin over seniority x length-tercile strata; sha256(seed|posting_id) order; one posting per normalized_job_title,5d6283a5b3dc84c87bfe5449337ee33fe31e5d67fc219ebb153adfaea0683d59,unclassified
45,9ce5fc0109d3db834f27,arbeitnow,Technical SEO Manager (f/m/d) @MYTHERESA,technical seo manager mytheresa,manager,short,467,arbeitnow|manager|short,dual_model,False,ie7945-sprint2-v1,job_postings_unique; language='en'; description_word_count>=80; equal per-source share; round-robin over seniority x length-tercile strata; sha256(seed|posting_id) order; one posting per normalized_job_title,8a85a9fd87b9242480e3722904c120aac76ff9b6ee7bb4c419e53d74f6a7ce06,operations / management
46,7dbd8b7cf3b0bfa5cf9d,nyc_jobs,Fleet Liaison,fleet liaison,entry,short,289,nyc_jobs|entry|short,dual_model,False,ie7945-sprint2-v1,job_postings_unique; language='en'; description_word_count>=80; equal per-source share; round-robin over seniority x length-tercile strata; sha256(seed|posting_id) order; one posting per normalized_job_title,a4010b442a08fa8a542c0529a9f93b9edeef7a5757dcefc5be9ccd1101906e56,unclassified
47,95dfd6f01b25720c0105,arbeitnow,Working Student - IT Asset & Stock Management (x/f/m),working student - it asset & stock management,intern_student,medium,801,arbeitnow|intern_student|medium,dual_model,False,ie7945-sprint2-v1,job_postings_unique; language='en'; description_word_count>=80; equal per-source share; round-robin over seniority x length-tercile strata; sha256(seed|posting_id) order; one posting per normalized_job_title,6c7079cdf80f1bbf663091d54ed9fb1533ca525df586dd9cfa773f813cbc2f86,software / data / IT
48,80f697c04820c4cc3546,nyc_jobs,Director of Geographic Data and Engineering (GDE),director of geographic data and engineering gde,manager,long,1490,nyc_jobs|manager|long,dual_model,False,ie7945-sprint2-v1,job_postings_unique; language='en'; description_word_count>=80; equal per-source share; round-robin over seniority x length-tercile strata; sha256(seed|posting_id) order; one posting per normalized_job_title,9e3bf421868464c7199126ce57902ee82b4f1faa9cbea0f154877171bf9d6476,software / data / IT
49,2b363a377acdcc917751,arbeitnow,Director Strategic Operations (m/f/d),director strategic operations,executive,medium,718,arbeitnow|executive|medium,dual_model,False,ie7945-sprint2-v1,job_postings_unique; language='en'; description_word_count>=80; equal per-source share; round-robin over seniority x length-tercile strata; sha256(seed|posting_id) order; one posting per normalized_job_title,6f4388ce432e412cadd46b5a4ccc37fa6c773f91fd56303a184b3019b185efce,operations / management
50,b7f5516481d961d55a51,nyc_jobs,Division Administrative Officer,division administrative officer,experienced,medium,501,nyc_jobs|experienced|medium,dual_model,True,ie7945-sprint2-v1,job_postings_unique; language='en'; description_word_count>=80; equal per-source share; round-robin over seniority x length-tercile strata; sha256(seed|posting_id) order; one posting per normalized_job_title,bddf3ad71342faed11620566fcb149dd118e4eb02cc4f680b646ad8835b582e5,HR / people / admin
51,8d5bb665bbff11e6bbbb,arbeitnow,(Senior) DevOps Engineer (m/f/x),senior devops engineer,experienced,short,526,arbeitnow|experienced|short,dual_model,False,ie7945-sprint2-v1,job_postings_unique; language='en'; description_word_count>=80; equal per-source share; round-robin over seniority x length-tercile strata; sha256(seed|posting_id) order; one posting per normalized_job_title,a96d8bdd88360665e5de20d49e055e06394e3872e450891713de80bbdb9d944d,software / data / IT
52,c06ce1a21ee6fe762ca6,nyc_jobs,OUTREACH SPECIALIST,outreach specialist,entry,medium,468,nyc_jobs|entry|medium,dual_model,True,ie7945-sprint2-v1,job_postings_unique; language='en'; description_word_count>=80; equal per-source share; round-robin over seniority x length-tercile strata; sha256(seed|posting_id) order; one posting per normalized_job_title,4bf2a71e7f3b0e83520847a9e62c5a77c9bd8d3dc2da392dacc84e56b023e9de,sales / marketing / customer
53,bf3db0f483b46be4ad74,arbeitnow,CEO / Business Co-Founder (f/m/d) role at startup IXPLAIN,ceo / business co-founder role at startup ixplain,executive,short,445,arbeitnow|executive|short,dual_model,False,ie7945-sprint2-v1,job_postings_unique; language='en'; description_word_count>=80; equal per-source share; round-robin over seniority x length-tercile strata; sha256(seed|posting_id) order; one posting per normalized_job_title,bceb4db29363ad4f09efb0a53268a1333f0734ecfad14e962c3043d6a37cde18,unclassified
54,c726cb5cdea431a2660a,nyc_jobs,Director of Digital + New Media Communications,director of digital + new media communications,manager,medium,572,nyc_jobs|manager|medium,dual_model,False,ie7945-sprint2-v1,job_postings_unique; language='en'; description_word_count>=80; equal per-source share; round-robin over seniority x length-tercile strata; sha256(seed|posting_id) order; one posting per normalized_job_title,231b477a7ddb092b2cf7101795e235e7a568da04261c0e74e6f01091eed18600,sales / marketing / customer
55,62058adb591ec93c52d0,arbeitnow,Senior Product Manager (ISR) Defence & Intelligence (f/m/x),senior product manager isr defence & intelligence,experienced,long,1008,arbeitnow|experienced|long,dual_model,False,ie7945-sprint2-v1,job_postings_unique; language='en'; description_word_count>=80; equal per-source share; round-robin over seniority x length-tercile strata; sha256(seed|posting_id) order; one posting per normalized_job_title,145d29fbb0feda8f79ac8b0b65b20e86c2a6694a8616662d5d78105f8037b51a,product / design / UX
56,295b620938f1b4ef0c48,nyc_jobs,"College Intern, Bureau of Public Health Clinics",college intern bureau of public health clinics,intern_student,long,774,nyc_jobs|intern_student|long,dual_model,True,ie7945-sprint2-v1,job_postings_unique; language='en'; description_word_count>=80; equal per-source share; round-robin over seniority x length-tercile strata; sha256(seed|posting_id) order; one posting per normalized_job_title,33e380bdd00f05bd517a45a23514f40487bb540d4873154b759d7a89660d2449,health / social services
57,74a1bfae7e7e258d28b5,arbeitnow,GTM Internship,gtm internship,intern_student,short,486,arbeitnow|intern_student|short,dual_model,True,ie7945-sprint2-v1,job_postings_unique; language='en'; description_word_count>=80; equal per-source share; round-robin over seniority x length-tercile strata; sha256(seed|posting_id) order; one posting per normalized_job_title,f2c66d7a0363a8d5e4fb8278b4737fd817bbce006bcb5029d4d755c247837092,intern / student
58,3b1acd7dae8f6c808655,nyc_jobs,Analyst Data and Systems,analyst data and systems,entry,long,733,nyc_jobs|entry|long,dual_model,True,ie7945-sprint2-v1,job_postings_unique; language='en'; description_word_count>=80; equal per-source share; round-robin over seniority x length-tercile strata; sha256(seed|posting_id) order; one posting per normalized_job_title,5c31c2ebb9903727d12ccfdad449f6e4baf68b5b712fa8bf3e4123fdee19652d,software / data / IT
59,e0baadf53ae856f61943,arbeitnow,Growth Associate,growth associate,entry,short,407,arbeitnow|entry|short,dual_model,False,ie7945-sprint2-v1,job_postings_unique; language='en'; description_word_count>=80; equal per-source share; round-robin over seniority x length-tercile strata; sha256(seed|posting_id) order; one posting per normalized_job_title,b96b7b92b5e67c3fcab13fa5a1029826e46ba71bd02d445759d7ef1166aa847e,sales / marketing / customer
60,391112a1f4a8d0187e88,nyc_jobs,"Deputy Commissioner/Chief Equity Officer, Center for Health Equity and Community Wellness",deputy commissioner/chief equity officer center for health equity and community wellness,executive,long,1125,nyc_jobs|executive|long,dual_model,True,ie7945-sprint2-v1,job_postings_unique; language='en'; description_word_count>=80; equal per-source share; round-robin over seniority x length-tercile strata; sha256(seed|posting_id) order; one posting per normalized_job_title,8f2a23be630bf2086fdb78ee7cd0108157ee7fcdd031d343f52e2447d82efb64,HR / people / admin
61,05bb010df9f681ecfb8e,arbeitnow,Product Manager - Wealth,product manager - wealth,manager,long,894,arbeitnow|manager|long,dual_model,True,ie7945-sprint2-v1,job_postings_unique; language='en'; description_word_count>=80; equal per-source share; round-robin over seniority x length-tercile strata; sha256(seed|posting_id) order; one posting per normalized_job_title,214bedd7b6bb04004ad54c7c1faabdf8598850be7529f7dbe3b90dc719984614,product / design / UX
62,8d80f2537f810fb13bb7,nyc_jobs,Facility Manager,facility manager,manager,short,361,nyc_jobs|manager|short,dual_model,False,ie7945-sprint2-v1,job_postings_unique; language='en'; description_word_count>=80; equal per-source share; round-robin over seniority x length-tercile strata; sha256(seed|posting_id) order; one posting per normalized_job_title,729e87b047721ffdc156c70ba13ba839c05e898b48c2c942764cbef1e8056b15,operations / management
63,ed8d4887f67c3c75d35c,arbeitnow,"Forward Deployed Engineer, Enterprise",forward deployed engineer enterprise,unknown,short,572,arbeitnow|unknown|short,dual_model,False,ie7945-sprint2-v1,job_postings_unique; language='en'; description_word_count>=80; equal per-source share; round-robin over seniority x length-tercile strata; sha256(seed|posting_id) order; one posting per normalized_job_title,aec4e56f8f37bfd2e9772d75209e9284b7fbcf0ab983de28a4ab65004665d7e9,engineering / architecture (non-software)
64,105e8d569cdb317f77c3,nyc_jobs,Special Assistant Intern - Operations,special assistant intern - operations,intern_student,medium,579,nyc_jobs|intern_student|medium,dual_model,True,ie7945-sprint2-v1,job_postings_unique; language='en'; description_word_count>=80; equal per-source share; round-robin over seniority x length-tercile strata; sha256(seed|posting_id) order; one posting per normalized_job_title,b02410f1d25c8c06601d4241f935d9f478855b23682472a70eb67aa33678c8ff,HR / people / admin
65,892dd83ca65d59b15de6,arbeitnow,Senior Jet Engine Design Engineer – Interceptor Drones,senior jet engine design engineer interceptor drones,senior,short,466,arbeitnow|senior|short,dual_model,False,ie7945-sprint2-v1,job_postings_unique; language='en'; description_word_count>=80; equal per-source share; round-robin over seniority x length-tercile strata; sha256(seed|posting_id) order; one posting per normalized_job_title,bc956d314cb15446f880f3a3994a9d992014aaf9115721dbfd52b89a718df7ab,product / design / UX
66,751a53b56992ff974884,nyc_jobs,Program Officer,program officer,experienced,short,345,nyc_jobs|experienced|short,dual_model,True,ie7945-sprint2-v1,job_postings_unique; language='en'; description_word_count>=80; equal per-source share; round-robin over seniority x length-tercile strata; sha256(seed|posting_id) order; one posting per normalized_job_title,d48e49fb05ce65d08a5433a4ea526ce5ba40a760e1509963d0e3c75e04aecc4a,HR / people / admin
67,9eab4ed819ca3a11efe3,arbeitnow,Senior Agronomist - Digital Agronomist Products (all genders),senior agronomist - digital agronomist products,senior,medium,790,arbeitnow|senior|medium,dual_model,False,ie7945-sprint2-v1,job_postings_unique; language='en'; description_word_count>=80; equal per-source share; round-robin over seniority x length-tercile strata; sha256(seed|posting_id) order; one posting per normalized_job_title,42883f1b09c890520ee069599390e076af16a79fbcd0013afe7d69bce389000c,product / design / UX
68,6b01b8c5542275f0ea19,nyc_jobs,DESIGN LEAD,design lead,experienced,long,740,nyc_jobs|experienced|long,dual_model,False,ie7945-sprint2-v1,job_postings_unique; language='en'; description_word_count>=80; equal per-source share; round-robin over seniority x length-tercile strata; sha256(seed|posting_id) order; one posting per normalized_job_title,6e9efccbf544a8e8f2cc7e4cd84050be2a3a790d506d643d77ccdfb23be0bab3,product / design / UX
69,ad2dcf702c12ef0f1620,arbeitnow,"Account Executive, Commercial",account executive commercial,unknown,medium,625,arbeitnow|unknown|medium,dual_model,False,ie7945-sprint2-v1,job_postings_unique; language='en'; description_word_count>=80; equal per-source share; round-robin over seniority x length-tercile strata; sha256(seed|posting_id) order; one posting per normalized_job_title,89dd6ed4dd51c94508ab7b47999f046273faca78ed2232860f9cadd36786d3fc,finance / accounting / audit
70,7b9b088dbccad49f1f52,nyc_jobs,College Aide (GI) / College Aide (CR),college aide gi / college aide cr,intern_student,short,315,nyc_jobs|intern_student|short,dual_model,False,ie7945-sprint2-v1,job_postings_unique; language='en'; description_word_count>=80; equal per-source share; round-robin over seniority x length-tercile strata; sha256(seed|posting_id) order; one posting per normalized_job_title,0d6d7cfaf95a35b128ac477efb92e892864215412b406ed70c651969843cda46,unclassified
71,96e7892a422bcab5f86d,arbeitnow,Purview Expert (m/w/d),purview expert,experienced,medium,792,arbeitnow|experienced|medium,dual_model,True,ie7945-sprint2-v1,job_postings_unique; language='en'; description_word_count>=80; equal per-source share; round-robin over seniority x length-tercile strata; sha256(seed|posting_id) order; one posting per normalized_job_title,ae26050a401ee0a058e4b617478441ae127ed97a134aedc4b47d52be7d6f5c8d,unclassified
72,5095082b7a5e8e644d85,nyc_jobs,Summons Processing Support,summons processing support,entry,short,349,nyc_jobs|entry|short,dual_model,True,ie7945-sprint2-v1,job_postings_unique; language='en'; description_word_count>=80; equal per-source share; round-robin over seniority x length-tercile strata; sha256(seed|posting_id) order; one posting per normalized_job_title,e3d4c2412d061c7b1e429b8c6842bc9eed9854940d45243e5e0b5a7faaf60056,unclassified
73,4fafe3e6f5d7b74b4363,arbeitnow,Account Manager,account manager,entry,medium,698,arbeitnow|entry|medium,dual_model,True,ie7945-sprint2-v1,job_postings_unique; language='en'; description_word_count>=80; equal per-source share; round-robin over seniority x length-tercile strata; sha256(seed|posting_id) order; one posting per normalized_job_title,a17d2f25e69d546db912e1934770eefa701afab436d34c7c34c82b66898d2590,finance / accounting / audit
74,629a583a8a3c94559217,nyc_jobs,"Deputy Assistant Commissioner, Workforce Operations",deputy assistant commissioner workforce operations,manager,long,720,nyc_jobs|manager|long,dual_model,False,ie7945-sprint2-v1,job_postings_unique; language='en'; description_word_count>=80; equal per-source share; round-robin over seniority x length-tercile strata; sha256(seed|posting_id) order; one posting per normalized_job_title,f4dbac2dfd4ee02a2218af1e8db89ce37cff40620f1fdada38fe4f41ecd1ded4,HR / people / admin
75,24be9713838ce65bb2d1,arbeitnow,Senior Account Executive - Enterprise,senior account executive - enterprise,senior,long,920,arbeitnow|senior|long,dual_model,True,ie7945-sprint2-v1,job_postings_unique; language='en'; description_word_count>=80; equal per-source share; round-robin over seniority x length-tercile strata; sha256(seed|posting_id) order; one posting per normalized_job_title,71e6a3d1a8ca6f890b831589146162f599022e500368af70e5e9d69ace13e488,finance / accounting / audit
76,709a3462689de9451099,nyc_jobs,Senior Director of Global Partnerships,senior director of global partnerships,experienced,medium,569,nyc_jobs|experienced|medium,dual_model,False,ie7945-sprint2-v1,job_postings_unique; language='en'; description_word_count>=80; equal per-source share; round-robin over seniority x length-tercile strata; sha256(seed|posting_id) order; one posting per normalized_job_title,aa881869ea401f282d40b4022dabc9e72c06062fed8258d32a9705f61bd7d01a,sales / marketing / customer
77,2afbb511b4508cc07452,arbeitnow,Category Manager – Semiconductor Materials (f/m/d),category manager semiconductor materials,manager,medium,758,arbeitnow|manager|medium,dual_model,False,ie7945-sprint2-v1,job_postings_unique; language='en'; description_word_count>=80; equal per-source share; round-robin over seniority x length-tercile strata; sha256(seed|posting_id) order; one posting per normalized_job_title,b80fa43ee79fc87710d0674a162e163ea275b6b017bdf33cd6f924a1e75eb348,operations / management
78,666f7ebc34ffed256a13,nyc_jobs,Field Scientist,field scientist,entry,medium,649,nyc_jobs|entry|medium,dual_model,True,ie7945-sprint2-v1,job_postings_unique; language='en'; description_word_count>=80; equal per-source share; round-robin over seniority x length-tercile strata; sha256(seed|posting_id) order; one posting per normalized_job_title,ab8b3970a5ab7fcd0ac0b687eb9aa0e0f0af079d0d66f554c3648e8478078c2d,unclassified
79,846b528da871596b1783,arbeitnow,Anti-Financial Crime Intern/Werkstudent,anti-financial crime intern/werkstudent,intern_student,long,1054,arbeitnow|intern_student|long,dual_model,False,ie7945-sprint2-v1,job_postings_unique; language='en'; description_word_count>=80; equal per-source share; round-robin over seniority x length-tercile strata; sha256(seed|posting_id) order; one posting per normalized_job_title,5f05963ae347f7a5f63951052d9d3782e50359b8b5d4384dbb80ec8331663a08,finance / accounting / audit
80,60c790530cba3489d871,nyc_jobs,JOCS and Engineering Support Manager,jocs and engineering support manager,manager,medium,559,nyc_jobs|manager|medium,dual_model,False,ie7945-sprint2-v1,job_postings_unique; language='en'; description_word_count>=80; equal per-source share; round-robin over seniority x length-tercile strata; sha256(seed|posting_id) order; one posting per normalized_job_title,259c88eed1cba861837a72c19cb0860a0f5a0e202657e3277f86b173857242c4,engineering / architecture (non-software)
81,f32ccf878072947e70ec,arbeitnow,"Legal Analyst / Research Associate (m/f/d) – part-time, fixed-term",legal analyst / research associate part-time fixed-term,entry,long,874,arbeitnow|entry|long,dual_model,True,ie7945-sprint2-v1,job_postings_unique; language='en'; description_word_count>=80; equal per-source share; round-robin over seniority x length-tercile strata; sha256(seed|posting_id) order; one posting per normalized_job_title,edffbf40502a625e0130cc0c40e88124e36a2147342359307780d02f8f8a7243,legal / compliance
82,e69d5c8cb51cded0795c,nyc_jobs,"College Aide, Bureau of Veterinary and Pest Control Services",college aide bureau of veterinary and pest control services,intern_student,long,773,nyc_jobs|intern_student|long,dual_model,False,ie7945-sprint2-v1,job_postings_unique; language='en'; description_word_count>=80; equal per-source share; round-robin over seniority x length-tercile strata; sha256(seed|posting_id) order; one posting per normalized_job_title,04be28977435484682518d7675e9bf432bc8eab784f574b2c63660e4517cf4b4,unclassified
83,a845c36fc3eb4caf98fb,arbeitnow,Platform Engineer,platform engineer,unknown,long,1398,arbeitnow|unknown|long,dual_model,True,ie7945-sprint2-v1,job_postings_unique; language='en'; description_word_count>=80; equal per-source share; round-robin over seniority x length-tercile strata; sha256(seed|posting_id) order; one posting per normalized_job_title,543b8bf7b3db58b5934f2a8f2dcc9287ddb344bc7324c606d0dbc59da588e4a9,engineering / architecture (non-software)
84,0b027611629b03f366f3,nyc_jobs,Public Health Assistant,public health assistant,entry,long,671,nyc_jobs|entry|long,dual_model,True,ie7945-sprint2-v1,job_postings_unique; language='en'; description_word_count>=80; equal per-source share; round-robin over seniority x length-tercile strata; sha256(seed|posting_id) order; one posting per normalized_job_title,130b2a6312a3f10f5ae049da5899203316e4cf8d4bbb8766128016cd723d8f63,HR / people / admin
85,b63d2a18a86b9e94e299,arbeitnow,Executive Assistant - Chief Product Officer & Chief Technology Officer,executive assistant - chief product officer & chief technology officer,executive,long,820,arbeitnow|executive|long,dual_model,True,ie7945-sprint2-v1,job_postings_unique; language='en'; description_word_count>=80; equal per-source share; round-robin over seniority x length-tercile strata; sha256(seed|posting_id) order; one posting per normalized_job_title,95304fd11a279bcaaf23b1da7638f0c3436570bbfe65e91bcb7e39ec0517f1f6,product / design / UX
86,35b02096d9f13d0f2a54,nyc_jobs,"Executive Director, Office of Suicide Prevention",executive director office of suicide prevention,executive,long,1153,nyc_jobs|executive|long,dual_model,True,ie7945-sprint2-v1,job_postings_unique; language='en'; description_word_count>=80; equal per-source share; round-robin over seniority x length-tercile strata; sha256(seed|posting_id) order; one posting per normalized_job_title,78bb91d7767257041faa002c104548a8b52f875d10d2b0db24b7b9b708f19693,HR / people / admin
87,49b81c39bff279fde4a8,arbeitnow,"Director/Senior Director, Strategic Solutions",director/senior director strategic solutions,manager,short,497,arbeitnow|manager|short,dual_model,True,ie7945-sprint2-v1,job_postings_unique; language='en'; description_word_count>=80; equal per-source share; round-robin over seniority x length-tercile strata; sha256(seed|posting_id) order; one posting per normalized_job_title,191d3ffdd2e1832cd2ca7a7827cc7f41af25bc21b1e61c09b02a89a2cd6151cc,operations / management
88,41fd8f1659c66291c006,nyc_jobs,"Social Work Director, Assigned Counsel Plan",social work director assigned counsel plan,manager,short,394,nyc_jobs|manager|short,dual_model,True,ie7945-sprint2-v1,job_postings_unique; language='en'; description_word_count>=80; equal per-source share; round-robin over seniority x length-tercile strata; sha256(seed|posting_id) order; one posting per normalized_job_title,77bad3e068d5d22b0d1e1c5b1c91df3d7a7d595c88cec7bde9dbd841123c2223,legal / compliance
89,46014daa00722a6982c4,arbeitnow,Intern Product (f/m/d),intern product,intern_student,medium,668,arbeitnow|intern_student|medium,dual_model,False,ie7945-sprint2-v1,job_postings_unique; language='en'; description_word_count>=80; equal per-source share; round-robin over seniority x length-tercile strata; sha256(seed|posting_id) order; one posting per normalized_job_title,15acc6895248a93edda07e4a0f96283993cb1086435c3ada2a53590033934a74,product / design / UX
90,9cbb10cf5e37644bd804,nyc_jobs,College Aide - Procurement and Contracts (2 positions),college aide - procurement and contracts 2 positions,intern_student,medium,511,nyc_jobs|intern_student|medium,dual_model,False,ie7945-sprint2-v1,job_postings_unique; language='en'; description_word_count>=80; equal per-source share; round-robin over seniority x length-tercile strata; sha256(seed|posting_id) order; one posting per normalized_job_title,452507a4b9478206902942699b1f13c2efcd792b64e0d3db17c4a580688bc175,finance / accounting / audit
91,69b835c031625646983f,arbeitnow,"VP, customer success (EMEA)",vp customer success emea,executive,medium,636,arbeitnow|executive|medium,dual_model,False,ie7945-sprint2-v1,job_postings_unique; language='en'; description_word_count>=80; equal per-source share; round-robin over seniority x length-tercile strata; sha256(seed|posting_id) order; one posting per normalized_job_title,7d1e3518f9def97bc86f32ccaaf48ad1876d296ea012fca96c5ba9de8507af6c,sales / marketing / customer
92,aaedb5115074cb404376,nyc_jobs,Deputy Director (Technical),deputy director technical,experienced,short,390,nyc_jobs|experienced|short,dual_model,False,ie7945-sprint2-v1,job_postings_unique; language='en'; description_word_count>=80; equal per-source share; round-robin over seniority x length-tercile strata; sha256(seed|posting_id) order; one posting per normalized_job_title,9a7327e51cccc2afe27f7e20ec4fa243c08f69666451729e1d9a2de7b4b59091,operations / management
93,4fd5cae42eb3035824ee,arbeitnow,Senior Electrical Engineer (m/f/d),senior electrical engineer,experienced,short,570,arbeitnow|experienced|short,dual_model,True,ie7945-sprint2-v1,job_postings_unique; language='en'; description_word_count>=80; equal per-source share; round-robin over seniority x length-tercile strata; sha256(seed|posting_id) order; one posting per normalized_job_title,e37d7deee41a7ad323e1fba2467493ce0686d459ecc0ca1692adb54efffcb235,engineering / architecture (non-software)
94,3ca1b50483595c10a701,nyc_jobs,SUSTAINABILITY ANALYST 1,sustainability analyst 1,experienced,long,702,nyc_jobs|experienced|long,dual_model,True,ie7945-sprint2-v1,job_postings_unique; language='en'; description_word_count>=80; equal per-source share; round-robin over seniority x length-tercile strata; sha256(seed|posting_id) order; one posting per normalized_job_title,3e640d4d646cad943dd1b1950b054fea3863d1d20fa75f56c1769fa21384e018,policy / research / planning
95,a3b54b0d34e7b105604f,arbeitnow,Business / Industry Co-Founder (F/M/D) Role At Startup Guardsphere,business / industry co-founder role at startup guardsphere,executive,short,422,arbeitnow|executive|short,dual_model,True,ie7945-sprint2-v1,job_postings_unique; language='en'; description_word_count>=80; equal per-source share; round-robin over seniority x length-tercile strata; sha256(seed|posting_id) order; one posting per normalized_job_title,5b386c973d045372fd4e764ff7b3bbd225e28959072441fae35272e876c96b14,unclassified
96,6a42c683d57c96dc4e72,nyc_jobs,Communications Intern,communications intern,intern_student,short,266,nyc_jobs|intern_student|short,dual_model,True,ie7945-sprint2-v1,job_postings_unique; language='en'; description_word_count>=80; equal per-source share; round-robin over seniority x length-tercile strata; sha256(seed|posting_id) order; one posting per normalized_job_title,d12a8a758c709cd79a3a3cdab7220cbe7b4ba9a108c1deba6bc19e68a0b2fed1,sales / marketing / customer
97,4fed033c30fe7a78c1a5,arbeitnow,Customer Success Expert (m/f/d) for the European AI Factory HammerHAI,customer success expert for the european ai factory hammerhai,experienced,long,868,arbeitnow|experienced|long,dual_model,True,ie7945-sprint2-v1,job_postings_unique; language='en'; description_word_count>=80; equal per-source share; round-robin over seniority x length-tercile strata; sha256(seed|posting_id) order; one posting per normalized_job_title,061a887f59cc322ba8eed461bc67487e18b634b9882062bc502187f5a2928fc9,software / data / IT
98,ac6b2541ecc346107332,nyc_jobs,HOUSING ASSISTANT,housing assistant,entry,short,300,nyc_jobs|entry|short,dual_model,False,ie7945-sprint2-v1,job_postings_unique; language='en'; description_word_count>=80; equal per-source share; round-robin over seniority x length-tercile strata; sha256(seed|posting_id) order; one posting per normalized_job_title,31ce5f1b0ba7e4f10fc79093bd1a453885b4e578519e9cec08092dbcdf51508f,HR / people / admin
99,00861684b3d8b8a43808,arbeitnow,Working Student | Accounting & Finance (m/f/d),working student accounting & finance,intern_student,short,513,arbeitnow|intern_student|short,dual_model,False,ie7945-sprint2-v1,job_postings_unique; language='en'; description_word_count>=80; equal per-source share; round-robin over seniority x length-tercile strata; sha256(seed|posting_id) order; one posting per normalized_job_title,2ce2ac712f7dd4cea02ee7d10bd6b6c1e7eefe6ef28e13dbc8ce8cb1611f5dff,finance / accounting / audit
100,53ca8a5ad02b99123994,nyc_jobs,"Director of the Enforcement Unit, Office of General Counsel",director of the enforcement unit office of general counsel,manager,long,1061,nyc_jobs|manager|long,dual_model,True,ie7945-sprint2-v1,job_postings_unique; language='en'; description_word_count>=80; equal per-source share; round-robin over seniority x length-tercile strata; sha256(seed|posting_id) order; one posting per normalized_job_title,3e10ac60d5779ddaf1ac94febc62ef59847b0a9f50da4917c12c35435b7336aa,legal / compliance
101,7dd117af5fcbcd45922a,arbeitnow,Founders Associate (Sales),founders associate sales,entry,short,502,arbeitnow|entry|short,gemini_primary,False,ie7945-sprint2-v1,job_postings_unique; language='en'; description_word_count>=80; equal per-source share; round-robin over seniority x length-tercile strata; sha256(seed|posting_id) order; one posting per normalized_job_title,b585fd1b91f12bc2e68def58ca3bd9a22a5b2e414da19da29e3388ec450c9a84,sales / marketing / customer
102,36e5fce294bdc67770e1,nyc_jobs,Senior Project Manager,senior project manager,experienced,medium,441,nyc_jobs|experienced|medium,gemini_primary,False,ie7945-sprint2-v1,job_postings_unique; language='en'; description_word_count>=80; equal per-source share; round-robin over seniority x length-tercile strata; sha256(seed|posting_id) order; one posting per normalized_job_title,06ec85ea8e55c65344233456b2872ca597f7cee1af5678e61a54eac2d90c0e8f,operations / management
103,38ee673de37634359520,arbeitnow,Client Solutions Director / Solution Design Architect,client solutions director / solution design architect,manager,long,1000,arbeitnow|manager|long,gemini_primary,False,ie7945-sprint2-v1,job_postings_unique; language='en'; description_word_count>=80; equal per-source share; round-robin over seniority x length-tercile strata; sha256(seed|posting_id) order; one posting per normalized_job_title,5e8f4a710b7d504aa2ef46a7179590faaca8c4c58ae96c9f45b9d0443a65c268,product / design / UX
104,4af8e56faeb5bf3cb868,nyc_jobs,Executive Assistant,executive assistant,entry,medium,454,nyc_jobs|entry|medium,gemini_primary,True,ie7945-sprint2-v1,job_postings_unique; language='en'; description_word_count>=80; equal per-source share; round-robin over seniority x length-tercile strata; sha256(seed|posting_id) order; one posting per normalized_job_title,bdb145aa8e953d70d950924a0fde3fa4784e2fc062a227189a7895c1814f924a,HR / people / admin
105,8c3e9c32e3021421dbf1,arbeitnow,"Backend Engineer, AI (Agent Systems)",backend engineer ai agent systems,unknown,short,471,arbeitnow|unknown|short,gemini_primary,False,ie7945-sprint2-v1,job_postings_unique; language='en'; description_word_count>=80; equal per-source share; round-robin over seniority x length-tercile strata; sha256(seed|posting_id) order; one posting per normalized_job_title,2a40a3ef6ae268f6c4dd3fa22573e70c21475b02c0ade406b3f8b0928deee15a,software / data / IT
106,267e584ab70936606262,nyc_jobs,REGIONAL MANAGER,regional manager,manager,medium,665,nyc_jobs|manager|medium,gemini_primary,False,ie7945-sprint2-v1,job_postings_unique; language='en'; description_word_count>=80; equal per-source share; round-robin over seniority x length-tercile strata; sha256(seed|posting_id) order; one posting per normalized_job_title,793a10a253cc238cc3f476008674fee70d54a56e7b3d584444f36c59870e5177,operations / management
107,3cebe8b709eb968ecc68,arbeitnow,(Senior) Business Development Representative (f/m/d),senior business development representative,senior,short,564,arbeitnow|senior|short,gemini_primary,False,ie7945-sprint2-v1,job_postings_unique; language='en'; description_word_count>=80; equal per-source share; round-robin over seniority x length-tercile strata; sha256(seed|posting_id) order; one posting per normalized_job_title,8504e78df388c044c895c8716bdd895c6bf2b9f765483ee46f8787afdc6d68fa,sales / marketing / customer
108,2e100a237483f53b3903,nyc_jobs,COLLEGE AIDE Budget,college aide budget,intern_student,long,750,nyc_jobs|intern_student|long,gemini_primary,False,ie7945-sprint2-v1,job_postings_unique; language='en'; description_word_count>=80; equal per-source share; round-robin over seniority x length-tercile strata; sha256(seed|posting_id) order; one posting per normalized_job_title,a7061fe66b04d4d18d24e61964668e8a9be3b29597502cfa1520a3392f993751,finance / accounting / audit
109,12267268cf274f232ece,arbeitnow,Senior Software Engineer - Local payments,senior software engineer - local payments,senior,medium,739,arbeitnow|senior|medium,gemini_primary,True,ie7945-sprint2-v1,job_postings_unique; language='en'; description_word_count>=80; equal per-source share; round-robin over seniority x length-tercile strata; sha256(seed|posting_id) order; one posting per normalized_job_title,2f5c2b4a3dd548e0c98cc661ad7e525bd0940d34972b72f8ae0617415ae84e3e,software / data / IT
110,9d7d2b090d3262dd7f95,nyc_jobs,Facilities Assistant,facilities assistant,entry,long,676,nyc_jobs|entry|long,gemini_primary,True,ie7945-sprint2-v1,job_postings_unique; language='en'; description_word_count>=80; equal per-source share; round-robin over seniority x length-tercile strata; sha256(seed|posting_id) order; one posting per normalized_job_title,d27355af48ccedf77d12127a34a5b314fc41699fc9dabd208c5910fea0aee2af,HR / people / admin
111,9497a6d2dd74efc6f1d5,arbeitnow,AIT & Electronics Technician,ait & electronics technician,unknown,medium,632,arbeitnow|unknown|medium,gemini_primary,True,ie7945-sprint2-v1,job_postings_unique; language='en'; description_word_count>=80; equal per-source share; round-robin over seniority x length-tercile strata; sha256(seed|posting_id) order; one posting per normalized_job_title,f0a95743c632d72cea94f6ce2459cf613353acd2a450482193cd7c2b6d78911c,trades / facilities / public safety
112,0bd6f04e2cb94755955c,nyc_jobs,Director of Procurement & Program Management,director of procurement & program management,executive,long,738,nyc_jobs|executive|long,gemini_primary,True,ie7945-sprint2-v1,job_postings_unique; language='en'; description_word_count>=80; equal per-source share; round-robin over seniority x length-tercile strata; sha256(seed|posting_id) order; one posting per normalized_job_title,26bebe0990873345de57d6f079e59bdf8c9831dc0a9b8d1964b0825a49d93eb8,finance / accounting / audit
113,644e4b17868b56c3bb3a,arbeitnow,Group Design Platform Software & AI Architect (m/f/d),group design platform software & ai architect,experienced,medium,605,arbeitnow|experienced|medium,gemini_primary,True,ie7945-sprint2-v1,job_postings_unique; language='en'; description_word_count>=80; equal per-source share; round-robin over seniority x length-tercile strata; sha256(seed|posting_id) order; one posting per normalized_job_title,0128c20127e2e22fc91ef6e1d50e6952ae82586d86468634b821abd2fd5c7df1,software / data / IT
114,2557d72d6c8e6a5e8365,nyc_jobs,Deputy Director of Strategy Implementation,deputy director of strategy implementation,manager,short,281,nyc_jobs|manager|short,gemini_primary,True,ie7945-sprint2-v1,job_postings_unique; language='en'; description_word_count>=80; equal per-source share; round-robin over seniority x length-tercile strata; sha256(seed|posting_id) order; one posting per normalized_job_title,1c43dbd069e9d6e6344a8fa4ad27eda9b27febbcfad67eaeb6480612f003a66b,operations / management
115,01b43c42b257847a3c57,arbeitnow,Graduate Physicist,graduate physicist,entry,medium,625,arbeitnow|entry|medium,gemini_primary,False,ie7945-sprint2-v1,job_postings_unique; language='en'; description_word_count>=80; equal per-source share; round-robin over seniority x length-tercile strata; sha256(seed|posting_id) order; one posting per normalized_job_title,52fb6618a99b1f7d31f723d595244e83dc16ee53864f38a7e91b802c14516c54,unclassified
116,1b9dc57735af5fe3ad3d,nyc_jobs,COLLEGE AIDE Miscellaneous Revenue,college aide miscellaneous revenue,intern_student,medium,555,nyc_jobs|intern_student|medium,gemini_primary,True,ie7945-sprint2-v1,job_postings_unique; language='en'; description_word_count>=80; equal per-source share; round-robin over seniority x length-tercile strata; sha256(seed|posting_id) order; one posting per normalized_job_title,145585c21184968cfecb6c43f53f4855bdc39af871169fb66896bd95a77bbe26,unclassified
117,ef37f5e4a74b94f5fcce,arbeitnow,"Senior Software Engineer, Event Streaming Systems",senior software engineer event streaming systems,senior,long,1104,arbeitnow|senior|long,gemini_primary,True,ie7945-sprint2-v1,job_postings_unique; language='en'; description_word_count>=80; equal per-source share; round-robin over seniority x length-tercile strata; sha256(seed|posting_id) order; one posting per normalized_job_title,9c8c3d27c9c9af15252411daef86a3f70ecc06707bb57e9257a139f60bc1ca94,software / data / IT
118,07d3cbd036de93e87603,nyc_jobs,"Supervisor of the Payroll Funding, Certification and ACH Unit (PFCAU)",supervisor of the payroll funding certification and ach unit pfcau,experienced,short,320,nyc_jobs|experienced|short,gemini_primary,True,ie7945-sprint2-v1,job_postings_unique; language='en'; description_word_count>=80; equal per-source share; round-robin over seniority x length-tercile strata; sha256(seed|posting_id) order; one posting per normalized_job_title,1663c9439312b0369fda44fdd3f34313043a42530e906d7294242621b10c995e,finance / accounting / audit
119,e3691fb293998ec2d9b6,arbeitnow,"Senior Product Manager, Technical (m/f/d)",senior product manager technical,manager,medium,756,arbeitnow|manager|medium,gemini_primary,True,ie7945-sprint2-v1,job_postings_unique; language='en'; description_word_count>=80; equal per-source share; round-robin over seniority x length-tercile strata; sha256(seed|posting_id) order; one posting per normalized_job_title,0df1805b0a5458887ee52e3a5d0bd88c6b5dfae0934d6a48978d2e26ce657538,product / design / UX
120,2e1eb79f11429f770125,nyc_jobs,ACCOUNTABLE MANAGER,accountable manager,experienced,long,1260,nyc_jobs|experienced|long,gemini_primary,False,ie7945-sprint2-v1,job_postings_unique; language='en'; description_word_count>=80; equal per-source share; round-robin over seniority x length-tercile strata; sha256(seed|posting_id) order; one posting per normalized_job_title,4b25296f729c6fa36c8edb1060695d2581c7f66381526072033c3171a2b32db6,finance / accounting / audit
121,f249adfcc6b61a22d6b4,arbeitnow,Trade-in Buybulk Intern,trade-in buybulk intern,intern_student,long,845,arbeitnow|intern_student|long,gemini_primary,False,ie7945-sprint2-v1,job_postings_unique; language='en'; description_word_count>=80; equal per-source share; round-robin over seniority x length-tercile strata; sha256(seed|posting_id) order; one posting per normalized_job_title,07397c6ceaa584dccd093ca0da22bd145f44bc4f459bdc340ea4bf829675ccc8,intern / student
122,4893aacedb5516530438,nyc_jobs,2027 Summer Legal Intern 2L,2027 summer legal intern 2l,intern_student,short,313,nyc_jobs|intern_student|short,gemini_primary,False,ie7945-sprint2-v1,job_postings_unique; language='en'; description_word_count>=80; equal per-source share; round-robin over seniority x length-tercile strata; sha256(seed|posting_id) order; one posting per normalized_job_title,4c7d0f26e909f0677e5bfc4a78c0689028ce5d85c2e627bf7375caffa57a08f6,legal / compliance
123,a462d24b2748471a3f2b,arbeitnow,Finance & Operations Associate (m/f/d),finance & operations associate,entry,long,864,arbeitnow|entry|long,gemini_primary,True,ie7945-sprint2-v1,job_postings_unique; language='en'; description_word_count>=80; equal per-source share; round-robin over seniority x length-tercile strata; sha256(seed|posting_id) order; one posting per normalized_job_title,eb9805254009bab5e79ad2a3a2fe9d66173d511175300c636a81623e9984664e,finance / accounting / audit
124,08aa855ee37ded6aec14,nyc_jobs,Junior Capital Budget Analyst,junior capital budget analyst,entry,short,398,nyc_jobs|entry|short,gemini_primary,False,ie7945-sprint2-v1,job_postings_unique; language='en'; description_word_count>=80; equal per-source share; round-robin over seniority x length-tercile strata; sha256(seed|posting_id) order; one posting per normalized_job_title,19360ffb356eb960dd8e866fb3dfd2c20a0831de94de0679b19808a689f1b36f,finance / accounting / audit
125,5c4a5e28ceaa8b8e776f,arbeitnow,Customer Success Engineer ( London),customer success engineer london,unknown,long,1052,arbeitnow|unknown|long,gemini_primary,True,ie7945-sprint2-v1,job_postings_unique; language='en'; description_word_count>=80; equal per-source share; round-robin over seniority x length-tercile strata; sha256(seed|posting_id) order; one posting per normalized_job_title,e0e6723cb5990a2d276945fda63b01bb7543f114f54ddec0bb3a2c7e4df4973c,engineering / architecture (non-software)
126,bbc30852aba689dd056f,nyc_jobs,"Deputy Director, Sprint Team",deputy director sprint team,manager,long,1148,nyc_jobs|manager|long,gemini_primary,False,ie7945-sprint2-v1,job_postings_unique; language='en'; description_word_count>=80; equal per-source share; round-robin over seniority x length-tercile strata; sha256(seed|posting_id) order; one posting per normalized_job_title,00a8e88c3d172c9abe112fb8fbddff8476d0faf6489d7a229eed19b0ce119666,operations / management
127,458f5701d4c9512eedc8,arbeitnow,Chief of Staff to the Co-CEO - m/f/d,chief of staff to the co-ceo,executive,long,997,arbeitnow|executive|long,gemini_primary,True,ie7945-sprint2-v1,job_postings_unique; language='en'; description_word_count>=80; equal per-source share; round-robin over seniority x length-tercile strata; sha256(seed|posting_id) order; one posting per normalized_job_title,aaf9a891c0212913c9f8ea4523f5910d7bf31b1a04c8b71b7008bde260ebbf47,operations / management
128,c70eb7d0a2e70e711e53,nyc_jobs,HOUSING COURT PROCESSING TEAM SUPERVISOR,housing court processing team supervisor,experienced,medium,568,nyc_jobs|experienced|medium,gemini_primary,True,ie7945-sprint2-v1,job_postings_unique; language='en'; description_word_count>=80; equal per-source share; round-robin over seniority x length-tercile strata; sha256(seed|posting_id) order; one posting per normalized_job_title,c5c926fa0aa0b1dd8d4889331e6ee2188f2cd75a37d517d71dd0c1fda74d8125,operations / management
129,c46d30ec6da3e3d14ecb,arbeitnow,Sales Director - Electric Aviation (all genders),sales director - electric aviation,manager,short,547,arbeitnow|manager|short,gemini_primary,True,ie7945-sprint2-v1,job_postings_unique; language='en'; description_word_count>=80; equal per-source share; round-robin over seniority x length-tercile strata; sha256(seed|posting_id) order; one posting per normalized_job_title,3ddfc2a8a3d497bfe10eb6f90226d951b44e715e76b0f0a4fd43963d502190f9,engineering / architecture (non-software)
130,06e83c35e59b0e9873a9,nyc_jobs,Office Machine Operator,office machine operator,entry,medium,447,nyc_jobs|entry|medium,gemini_primary,False,ie7945-sprint2-v1,job_postings_unique; language='en'; description_word_count>=80; equal per-source share; round-robin over seniority x length-tercile strata; sha256(seed|posting_id) order; one posting per normalized_job_title,011c9a749d8fb2f43a331303f1550f5ef256ef8f4c11375ff0e6788cb50741ea,HR / people / admin
131,cb390e8ee43ddd14adb9,arbeitnow,Founders Associate (Intern),founders associate intern,intern_student,medium,595,arbeitnow|intern_student|medium,gemini_primary,False,ie7945-sprint2-v1,job_postings_unique; language='en'; description_word_count>=80; equal per-source share; round-robin over seniority x length-tercile strata; sha256(seed|posting_id) order; one posting per normalized_job_title,43def36a079188122c7c56ca7f567640680a5a5ca0356f8a80d00d6fc74e2d06,intern / student
132,67045f93df80b34feb7f,nyc_jobs,"Director, Aging Connect Operations",director aging connect operations,manager,medium,549,nyc_jobs|manager|medium,gemini_primary,False,ie7945-sprint2-v1,job_postings_unique; language='en'; description_word_count>=80; equal per-source share; round-robin over seniority x length-tercile strata; sha256(seed|posting_id) order; one posting per normalized_job_title,31e4de26cb3e7115fc8e0e598c1e431514052dc8e446fbf37258528efc92a41a,operations / management
133,fa720a68585d2099f1eb,arbeitnow,"Chief of Staff, Strategy & AI Enablement",chief of staff strategy & ai enablement,executive,medium,688,arbeitnow|executive|medium,gemini_primary,True,ie7945-sprint2-v1,job_postings_unique; language='en'; description_word_count>=80; equal per-source share; round-robin over seniority x length-tercile strata; sha256(seed|posting_id) order; one posting per normalized_job_title,9ae19a908c552de9739a23a61d0a88e0645ba152ad979943074264ee9a317dd8,software / data / IT
134,197c4ea6c2500edbcb24,nyc_jobs,Policy Assistant,policy assistant,intern_student,long,868,nyc_jobs|intern_student|long,gemini_primary,False,ie7945-sprint2-v1,job_postings_unique; language='en'; description_word_count>=80; equal per-source share; round-robin over seniority x length-tercile strata; sha256(seed|posting_id) order; one posting per normalized_job_title,109989ba27ec69ec606c9fd3088e4747c6a839334874525f0c197a63cd61905c,HR / people / admin
135,628655b95b209e282632,arbeitnow,Senior Account Manager (all genders),senior account manager,experienced,short,523,arbeitnow|experienced|short,gemini_primary,True,ie7945-sprint2-v1,job_postings_unique; language='en'; description_word_count>=80; equal per-source share; round-robin over seniority x length-tercile strata; sha256(seed|posting_id) order; one posting per normalized_job_title,a40dab572796a0ce139fc5a0f0a1990595b6e004e6eeb7f81a4ba36b69f5d810,finance / accounting / audit
136,90e825be48fe0d488449,nyc_jobs,Chemical Engineering Intern,chemical engineering intern,entry,long,1138,nyc_jobs|entry|long,gemini_primary,False,ie7945-sprint2-v1,job_postings_unique; language='en'; description_word_count>=80; equal per-source share; round-robin over seniority x length-tercile strata; sha256(seed|posting_id) order; one posting per normalized_job_title,9a4a676e90332b2b089a8488cb27ca349cd4f9f499ab561285acf448ccdc302b,engineering / architecture (non-software)
137,8fb372a7f51bdc82f220,arbeitnow,Founder's Associate to the CTO,founder s associate to the cto,executive,short,548,arbeitnow|executive|short,gemini_primary,True,ie7945-sprint2-v1,job_postings_unique; language='en'; description_word_count>=80; equal per-source share; round-robin over seniority x length-tercile strata; sha256(seed|posting_id) order; one posting per normalized_job_title,e97a53de70fc37a77ef0a303d98b22f6d2bc57f442a9fd4b470475617e92b13b,unclassified
138,a1aac521f271426f1c3d,nyc_jobs,"Executive Director of Human Resources, Bureau of Human Resources and Labor Relations",executive director of human resources bureau of human resources and labor relations,executive,long,963,nyc_jobs|executive|long,gemini_primary,True,ie7945-sprint2-v1,job_postings_unique; language='en'; description_word_count>=80; equal per-source share; round-robin over seniority x length-tercile strata; sha256(seed|posting_id) order; one posting per normalized_job_title,9955e3d9ef9f71bf11c79b3ed0352aabde3c4d6444e2c8e89bd81bc0e8d1b582,HR / people / admin
139,1a22d8ee7bc120ef6e61,arbeitnow,AI Transformation Manager (f/m/d),ai transformation manager,experienced,long,974,arbeitnow|experienced|long,gemini_primary,False,ie7945-sprint2-v1,job_postings_unique; language='en'; description_word_count>=80; equal per-source share; round-robin over seniority x length-tercile strata; sha256(seed|posting_id) order; one posting per normalized_job_title,a7e1ca90dd8251c4e4002eafdbf6dc62972813e3f4984a6f5e286eeb159e16cd,software / data / IT
140,688bef4a2375ca5a95d2,nyc_jobs,EXECUTIVE AGENCY COUNSEL,executive agency counsel,manager,short,401,nyc_jobs|manager|short,gemini_primary,False,ie7945-sprint2-v1,job_postings_unique; language='en'; description_word_count>=80; equal per-source share; round-robin over seniority x length-tercile strata; sha256(seed|posting_id) order; one posting per normalized_job_title,34a3a5aeb53b7441a02fd73782f0540e7a72282772e8a8f69b100fa50eaafc20,legal / compliance
141,f25af77c04bb7b98c3f6,arbeitnow,People & Talent (Intern),people & talent intern,intern_student,short,324,arbeitnow|intern_student|short,gemini_primary,True,ie7945-sprint2-v1,job_postings_unique; language='en'; description_word_count>=80; equal per-source share; round-robin over seniority x length-tercile strata; sha256(seed|posting_id) order; one posting per normalized_job_title,469f28dec01edb7983bf0cc4fd9f40553b2c4dd7616b9a16ddc94e61bc7be627,HR / people / admin
142,b496efdb5d4ba53caff6,nyc_jobs,Prosecution College Aide,prosecution college aide,intern_student,medium,456,nyc_jobs|intern_student|medium,gemini_primary,True,ie7945-sprint2-v1,job_postings_unique; language='en'; description_word_count>=80; equal per-source share; round-robin over seniority x length-tercile strata; sha256(seed|posting_id) order; one posting per normalized_job_title,9387d6d43a2a2e68cb0899984e6a42eb77a138bc0b4baa6a6e0c54ac80cb3030,unclassified
143,da3b2951a4e9f5857f38,arbeitnow,Ausbildung zum Fachinformatiker für Systemintegration (m/f/d),ausbildung zum fachinformatiker für systemintegration,entry,short,473,arbeitnow|entry|short,gemini_primary,True,ie7945-sprint2-v1,job_postings_unique; language='en'; description_word_count>=80; equal per-source share; round-robin over seniority x length-tercile strata; sha256(seed|posting_id) order; one posting per normalized_job_title,3f10d2b499816bb8fbdf4fe3c80b28918f376e85c284b3d93327b4462d709b1e,unclassified
144,7e6970d3749387daf6ce,nyc_jobs,"Director, Records Management, Bureau of Vital Statistics",director records management bureau of vital statistics,experienced,short,361,nyc_jobs|experienced|short,gemini_primary,False,ie7945-sprint2-v1,job_postings_unique; language='en'; description_word_count>=80; equal per-source share; round-robin over seniority x length-tercile strata; sha256(seed|posting_id) order; one posting per normalized_job_title,5ee8cc1157ee4b530aec5cc6efc1079845966eeae1249b7b10db84d077096484,policy / research / planning
145,45ec14d7fc4b48a6858a,arbeitnow,Team Lead - Visual Localization,team lead - visual localization,manager,long,952,arbeitnow|manager|long,gemini_primary,True,ie7945-sprint2-v1,job_postings_unique; language='en'; description_word_count>=80; equal per-source share; round-robin over seniority x length-tercile strata; sha256(seed|posting_id) order; one posting per normalized_job_title,c8a8f533f2d55b655cf9c5d0b609fbe98d4d4a1840c56392782deafee8de8dc9,operations / management
146,549e8d159a9b700b28af,nyc_jobs,"Early Intervention Official Designee, Bureau of Early Intervention",early intervention official designee bureau of early intervention,experienced,long,775,nyc_jobs|experienced|long,gemini_primary,True,ie7945-sprint2-v1,job_postings_unique; language='en'; description_word_count>=80; equal per-source share; round-robin over seniority x length-tercile strata; sha256(seed|posting_id) order; one posting per normalized_job_title,bfa28adc84d1244628889b53a246407b2d5e0c5cf75fb391cd8f33f69417715e,product / design / UX
147,8158c179ee705f36b7ca,arbeitnow,Product Designer (UI/UX),product designer ui/ux,unknown,short,567,arbeitnow|unknown|short,gemini_primary,True,ie7945-sprint2-v1,job_postings_unique; language='en'; description_word_count>=80; equal per-source share; round-robin over seniority x length-tercile strata; sha256(seed|posting_id) order; one posting per normalized_job_title,f2b424d5c3bbc671e2945da10d411803b1312b099e01c77da491171e801a5b7a,product / design / UX
148,07ef093d7aa6614f0a82,nyc_jobs,Human Resources College Aide,human resources college aide,intern_student,short,137,nyc_jobs|intern_student|short,gemini_primary,True,ie7945-sprint2-v1,job_postings_unique; language='en'; description_word_count>=80; equal per-source share; round-robin over seniority x length-tercile strata; sha256(seed|posting_id) order; one posting per normalized_job_title,04bf820364f157aae3be86cf7b56306f02535c655b41039398d867a6f830d146,HR / people / admin
149,729e9dd090b7b0ceb5d0,arbeitnow,Product Lead,product lead,senior,short,546,arbeitnow|senior|short,gemini_primary,False,ie7945-sprint2-v1,job_postings_unique; language='en'; description_word_count>=80; equal per-source share; round-robin over seniority x length-tercile strata; sha256(seed|posting_id) order; one posting per normalized_job_title,606ed5c8550e98921308ca50095cc81eba72ff56215eb25423b1e885704428e5,product / design / UX
150,464d3d3312512fd7f8d0,nyc_jobs,ASSISTANT RESIDENT BUILDING SUPT,assistant resident building supt,entry,short,290,nyc_jobs|entry|short,gemini_primary,True,ie7945-sprint2-v1,job_postings_unique; language='en'; description_word_count>=80; equal per-source share; round-robin over seniority x length-tercile strata; sha256(seed|posting_id) order; one posting per normalized_job_title,257abadf46bacb1f68b5b1ba2cfd01f2568450dc93a5789d79718da8b09d95db,HR / people / admin
151,3613b2486df0c4c5d71a,arbeitnow,System Integration Senior Engineer (Functional Focus),system integration senior engineer functional focus,senior,medium,772,arbeitnow|senior|medium,gemini_primary,True,ie7945-sprint2-v1,job_postings_unique; language='en'; description_word_count>=80; equal per-source share; round-robin over seniority x length-tercile strata; sha256(seed|posting_id) order; one posting per normalized_job_title,7f569e0e60d92e5b80f429cc7e2458ffa94daccb9b686c7a2bd8fa2395b0f59e,engineering / architecture (non-software)
152,0c5ed8f5e5771a4834a4,nyc_jobs,DEPUTY PORTFOLIO MANAGER,deputy portfolio manager,manager,long,1350,nyc_jobs|manager|long,gemini_primary,False,ie7945-sprint2-v1,job_postings_unique; language='en'; description_word_count>=80; equal per-source share; round-robin over seniority x length-tercile strata; sha256(seed|posting_id) order; one posting per normalized_job_title,ac64b7b5f815a189c8276ac8d1cbb3db52008699ec25298d371acf50c4917cab,operations / management
153,e49bb5f2efffd27d8e48,arbeitnow,Mobile Application Developer,mobile application developer,unknown,medium,587,arbeitnow|unknown|medium,gemini_primary,False,ie7945-sprint2-v1,job_postings_unique; language='en'; description_word_count>=80; equal per-source share; round-robin over seniority x length-tercile strata; sha256(seed|posting_id) order; one posting per normalized_job_title,3c20493cea98c8039546d2f02ce560eba79b522ae7a37cec4aa0c09dec1f486a,software / data / IT
154,296722fa578e1f2ddf06,nyc_jobs,"Director of Enrollment and Recertification, Assigned Counsel Plan",director of enrollment and recertification assigned counsel plan,experienced,medium,475,nyc_jobs|experienced|medium,gemini_primary,False,ie7945-sprint2-v1,job_postings_unique; language='en'; description_word_count>=80; equal per-source share; round-robin over seniority x length-tercile strata; sha256(seed|posting_id) order; one posting per normalized_job_title,14d45481aecd271039b3726da67b8dedfe0f9fe513b77170031cb7255e09b6c1,legal / compliance
155,5e42785a94b37dc7b953,arbeitnow,Head of Product Management,head of product management,experienced,medium,647,arbeitnow|experienced|medium,gemini_primary,False,ie7945-sprint2-v1,job_postings_unique; language='en'; description_word_count>=80; equal per-source share; round-robin over seniority x length-tercile strata; sha256(seed|posting_id) order; one posting per normalized_job_title,6ac76ad3929d1e2f1b04da9fab3798061ec467c61161b94417b06f123c2b4a47,product / design / UX
156,47c10352e85400d9c8bc,nyc_jobs,Environmental Engineering Intern,environmental engineering intern,entry,medium,479,nyc_jobs|entry|medium,gemini_primary,False,ie7945-sprint2-v1,job_postings_unique; language='en'; description_word_count>=80; equal per-source share; round-robin over seniority x length-tercile strata; sha256(seed|posting_id) order; one posting per normalized_job_title,548c3b278e52f25085c58f8405c69fac387fc2f1e77fde834e1fab2604602f66,engineering / architecture (non-software)
157,a9268008dd18f84aff54,arbeitnow,Associate Data Scientist (f/m/d),associate data scientist,entry,medium,602,arbeitnow|entry|medium,gemini_primary,True,ie7945-sprint2-v1,job_postings_unique; language='en'; description_word_count>=80; equal per-source share; round-robin over seniority x length-tercile strata; sha256(seed|posting_id) order; one posting per normalized_job_title,24b5bec47731be395445b04b87fde0cd5df23862e66c49c2ee37ff4ee0733d3e,software / data / IT
158,1742269a66920b58cfba,nyc_jobs,Deputy Assistant Director Sandy Grant Management,deputy assistant director sandy grant management,manager,medium,652,nyc_jobs|manager|medium,gemini_primary,True,ie7945-sprint2-v1,job_postings_unique; language='en'; description_word_count>=80; equal per-source share; round-robin over seniority x length-tercile strata; sha256(seed|posting_id) order; one posting per normalized_job_title,1e2e0c966069c982cea1edea000429428f16ba96cac31b5936066ce60864fc7f,HR / people / admin
159,6e3de014a1b624cd6687,arbeitnow,Senior Talent Partner (German Speaking) (f/m/d),senior talent partner german speaking,senior,long,1218,arbeitnow|senior|long,gemini_primary,False,ie7945-sprint2-v1,job_postings_unique; language='en'; description_word_count>=80; equal per-source share; round-robin over seniority x length-tercile strata; sha256(seed|posting_id) order; one posting per normalized_job_title,49fa4989af997f92b3e8b9dfd4c3c67349165accee3d042c12c8b45c73a20070,HR / people / admin
160,ab2db63d3df2cbb9d730,nyc_jobs,"Graduate Intern, Youth Financial Empowerment",graduate intern youth financial empowerment,intern_student,long,935,nyc_jobs|intern_student|long,gemini_primary,True,ie7945-sprint2-v1,job_postings_unique; language='en'; description_word_count>=80; equal per-source share; round-robin over seniority x length-tercile strata; sha256(seed|posting_id) order; one posting per normalized_job_title,c3283bbc027b767b139eac1019f85eda9aaadb003143d9c6a2642ce77857cf34,finance / accounting / audit
161,514d14a0cdbffddf9491,arbeitnow,(Sr.) Key Account Manager Retail - French Market,sr. key account manager retail - french market,manager,medium,786,arbeitnow|manager|medium,gemini_primary,True,ie7945-sprint2-v1,job_postings_unique; language='en'; description_word_count>=80; equal per-source share; round-robin over seniority x length-tercile strata; sha256(seed|posting_id) order; one posting per normalized_job_title,bea750416df97494dbc5925633fc4df77ecedc1d30905bd4d571a0e32c12a1d9,finance / accounting / audit
162,35be12081f27a258f3d1,nyc_jobs,"Analyst, Service Desk Operations",analyst service desk operations,entry,long,800,nyc_jobs|entry|long,gemini_primary,False,ie7945-sprint2-v1,job_postings_unique; language='en'; description_word_count>=80; equal per-source share; round-robin over seniority x length-tercile strata; sha256(seed|posting_id) order; one posting per normalized_job_title,09ab7ee5a5deecc6e8bca90b483e88048d8256f7da2838950de71750e4842777,policy / research / planning
163,57a385a66c40fcfb68f4,arbeitnow,UVC Partners: Data & AI - Master Thesis / Internship (f/m/x),uvc partners data & ai - master thesis / internship,intern_student,long,1013,arbeitnow|intern_student|long,gemini_primary,False,ie7945-sprint2-v1,job_postings_unique; language='en'; description_word_count>=80; equal per-source share; round-robin over seniority x length-tercile strata; sha256(seed|posting_id) order; one posting per normalized_job_title,d21c46598195c465d6d8c76a7cd497cbe1ebad905a999bcdf2cc12d2a8789b5e,software / data / IT
164,a5cc492b8fcc77fb1848,nyc_jobs,Executive Director of Environmental Health Legal,executive director of environmental health legal,executive,long,955,nyc_jobs|executive|long,gemini_primary,True,ie7945-sprint2-v1,job_postings_unique; language='en'; description_word_count>=80; equal per-source share; round-robin over seniority x length-tercile strata; sha256(seed|posting_id) order; one posting per normalized_job_title,0dbfd9b3d224c7d38a03155086bdea29490c92f495e350447f1a3e347ae5aeb1,legal / compliance
165,14d07b37d97f6b76cebb,arbeitnow,Office Assistant (Part Time) - UK,office assistant part time - uk,entry,long,915,arbeitnow|entry|long,gemini_primary,True,ie7945-sprint2-v1,job_postings_unique; language='en'; description_word_count>=80; equal per-source share; round-robin over seniority x length-tercile strata; sha256(seed|posting_id) order; one posting per normalized_job_title,3bd31d353ba248d29a4ffe7fc556cdf72c8a880da28e1ab5936758aee912192d,HR / people / admin
166,2d0505b289decc4f61c3,nyc_jobs,"Assistant Commissioner, Program Performance & Accountability",assistant commissioner program performance & accountability,manager,short,327,nyc_jobs|manager|short,gemini_primary,False,ie7945-sprint2-v1,job_postings_unique; language='en'; description_word_count>=80; equal per-source share; round-robin over seniority x length-tercile strata; sha256(seed|posting_id) order; one posting per normalized_job_title,8fe593a7de80c702cbedaf27ce0fb4493c68f9019636a18bdcfce6cd8406f6be,finance / accounting / audit
167,0b2d4a40fa501be8086c,arbeitnow,Customer Success Application Engineer (EMEA),customer success application engineer emea,unknown,long,864,arbeitnow|unknown|long,gemini_primary,True,ie7945-sprint2-v1,job_postings_unique; language='en'; description_word_count>=80; equal per-source share; round-robin over seniority x length-tercile strata; sha256(seed|posting_id) order; one posting per normalized_job_title,72faf12dc39bbe01d63572028a3aa467165d51bb7af8b749bda1e9fa9f8aed20,engineering / architecture (non-software)
168,967ad227a01f45fc2538,nyc_jobs,Classification & Compensation College Aide Assistant,classification & compensation college aide assistant,intern_student,medium,516,nyc_jobs|intern_student|medium,gemini_primary,False,ie7945-sprint2-v1,job_postings_unique; language='en'; description_word_count>=80; equal per-source share; round-robin over seniority x length-tercile strata; sha256(seed|posting_id) order; one posting per normalized_job_title,01afd4724ce5dc329c021a2954028a3db9fe90c99c463d2611dc797702e99cba,HR / people / admin
169,f44ca0bffbc18da03adc,arbeitnow,"VP Engineering, Ongoing Monitoring",vp engineering ongoing monitoring,executive,long,1421,arbeitnow|executive|long,gemini_primary,False,ie7945-sprint2-v1,job_postings_unique; language='en'; description_word_count>=80; equal per-source share; round-robin over seniority x length-tercile strata; sha256(seed|posting_id) order; one posting per normalized_job_title,ec06e276340436e105881f9f1e1e32f41c7160848fe04e0c5fd4effab0d5baa1,engineering / architecture (non-software)
170,55f5a8caeb1de0a5ef8c,nyc_jobs,Community Affairs Organizer,community affairs organizer,experienced,short,239,nyc_jobs|experienced|short,gemini_primary,True,ie7945-sprint2-v1,job_postings_unique; language='en'; description_word_count>=80; equal per-source share; round-robin over seniority x length-tercile strata; sha256(seed|posting_id) order; one posting per normalized_job_title,ef4726baf306c251647a4ee388bbf9da1365d14892de8adf93afcf58b406bd25,unclassified
171,2e6315fe1901a6dd163d,arbeitnow,"Senior Manager, Marketing Procurement (All Genders)",senior manager marketing procurement,manager,short,550,arbeitnow|manager|short,gemini_primary,False,ie7945-sprint2-v1,job_postings_unique; language='en'; description_word_count>=80; equal per-source share; round-robin over seniority x length-tercile strata; sha256(seed|posting_id) order; one posting per normalized_job_title,eb477659baa3c702f353c0cde8b06e9f523f2376b8cd3782e684866a8e05d274,finance / accounting / audit
172,563e6c42e3b5851e81d8,nyc_jobs,"Child Care Inspection Supervisor, Bureau of Childcare",child care inspection supervisor bureau of childcare,experienced,long,788,nyc_jobs|experienced|long,gemini_primary,True,ie7945-sprint2-v1,job_postings_unique; language='en'; description_word_count>=80; equal per-source share; round-robin over seniority x length-tercile strata; sha256(seed|posting_id) order; one posting per normalized_job_title,1b62e9d68e7f66a4e0abd34e6b499ae9675dbe4ed12432de03ed797ffb6ca518,operations / management
173,4104f785e0ac83dab8a3,arbeitnow,Working Student - Operations (f/m/d),working student - operations,intern_student,medium,633,arbeitnow|intern_student|medium,gemini_primary,True,ie7945-sprint2-v1,job_postings_unique; language='en'; description_word_count>=80; equal per-source share; round-robin over seniority x length-tercile strata; sha256(seed|posting_id) order; one posting per normalized_job_title,3d6b621794619d8e865d0fc02a651616d3561a46dae88922679a572ae9758cfb,operations / management
174,68daba4b975c991f0b36,nyc_jobs,Budget Intern,budget intern,intern_student,short,319,nyc_jobs|intern_student|short,gemini_primary,True,ie7945-sprint2-v1,job_postings_unique; language='en'; description_word_count>=80; equal per-source share; round-robin over seniority x length-tercile strata; sha256(seed|posting_id) order; one posting per normalized_job_title,4d5ec60f25171485e045eec45ba761831a0ce0be237d9d3fc5ad9afc3d4adbab,finance / accounting / audit
175,be1b0255a559ee527bc9,arbeitnow,Founders Associate - CEO Office (m/f/d) - AI health-tech,founders associate - ceo office - ai health-tech,executive,medium,713,arbeitnow|executive|medium,gemini_primary,True,ie7945-sprint2-v1,job_postings_unique; language='en'; description_word_count>=80; equal per-source share; round-robin over seniority x length-tercile strata; sha256(seed|posting_id) order; one posting per normalized_job_title,5b07de616c6ce93b26b72d354c111e1823f433b5dc0c81f6bfdaf080fe291f5c,software / data / IT
176,4b127ebf28a2949ad491,nyc_jobs,Machinist,machinist,entry,short,294,nyc_jobs|entry|short,gemini_primary,False,ie7945-sprint2-v1,job_postings_unique; language='en'; description_word_count>=80; equal per-source share; round-robin over seniority x length-tercile strata; sha256(seed|posting_id) order; one posting per normalized_job_title,f1e006fa95d0c969db9b6be8dd69fe10b4278f09ff8849a6a98150c51726f66e,unclassified
177,5521dd20a2ca75fde971,arbeitnow,Technical Product Owner – C++ SDK & ImFusion Suite,technical product owner c++ sdk & imfusion suite,experienced,short,556,arbeitnow|experienced|short,gemini_primary,False,ie7945-sprint2-v1,job_postings_unique; language='en'; description_word_count>=80; equal per-source share; round-robin over seniority x length-tercile strata; sha256(seed|posting_id) order; one posting per normalized_job_title,9829ef3251bd56d243e3d9f9bff3038c0aa5e1a0f203c0856a19a90cd202cef6,product / design / UX
178,86b1acd76fbf904cec34,nyc_jobs,"Director of Food Safety Data Analytics, Bureau of Environmental Surveillance and Policy",director of food safety data analytics bureau of environmental surveillance and policy,manager,long,1275,nyc_jobs|manager|long,gemini_primary,False,ie7945-sprint2-v1,job_postings_unique; language='en'; description_word_count>=80; equal per-source share; round-robin over seniority x length-tercile strata; sha256(seed|posting_id) order; one posting per normalized_job_title,3b89afb9bf06b580b43067f4fc2b53ba19bc3f461917dff3c6b6f2273b69276e,software / data / IT
179,33200415cf39fa4aa41c,arbeitnow,CEO / Business Co-Founder (f/m/d) role at startup CHROMAMOS,ceo / business co-founder role at startup chromamos,executive,short,398,arbeitnow|executive|short,gemini_primary,False,ie7945-sprint2-v1,job_postings_unique; language='en'; description_word_count>=80; equal per-source share; round-robin over seniority x length-tercile strata; sha256(seed|posting_id) order; one posting per normalized_job_title,4cc2bbd32bcca9f40f46c7c87f3cdfe8d3779403529b58c709714dd570c55052,unclassified
180,1df980408a2da22c4082,nyc_jobs,Senior Rackets Investigator,senior rackets investigator,experienced,medium,519,nyc_jobs|experienced|medium,gemini_primary,True,ie7945-sprint2-v1,job_postings_unique; language='en'; description_word_count>=80; equal per-source share; round-robin over seniority x length-tercile strata; sha256(seed|posting_id) order; one posting per normalized_job_title,008e27a711a8e17c0a324cdcc1907836f4e8a967f68416d05178f0bc962f25e6,unclassified
181,ebc68fc3658999fdf951,arbeitnow,Director Venture Scaling - iF Momentum (all genders),director venture scaling - if momentum,experienced,long,887,arbeitnow|experienced|long,gemini_primary,False,ie7945-sprint2-v1,job_postings_unique; language='en'; description_word_count>=80; equal per-source share; round-robin over seniority x length-tercile strata; sha256(seed|posting_id) order; one posting per normalized_job_title,55a16e86c48b5fe7802a1f54813c481b62f1ae28395456d736b519160de30ef6,operations / management
182,56c9cb0250807bd7024b,nyc_jobs,Special Officer,special officer,entry,medium,544,nyc_jobs|entry|medium,gemini_primary,True,ie7945-sprint2-v1,job_postings_unique; language='en'; description_word_count>=80; equal per-source share; round-robin over seniority x length-tercile strata; sha256(seed|posting_id) order; one posting per normalized_job_title,0772b488a8f3b02141fa612b9db789fc1c0262b14d4ff21246a5963ef65c5b6f,HR / people / admin
183,9adaeee050c4ec5d83dd,arbeitnow,Working Student Recruiting (m/f/d),working student recruiting,intern_student,short,355,arbeitnow|intern_student|short,gemini_primary,True,ie7945-sprint2-v1,job_postings_unique; language='en'; description_word_count>=80; equal per-source share; round-robin over seniority x length-tercile strata; sha256(seed|posting_id) order; one posting per normalized_job_title,659ed06b90d998d6b2476b31666804ffc08cfa17443a9660e6a492cbeb78b7a2,HR / people / admin
184,312feb5ea8d48c516d6b,nyc_jobs,Director of City Government Affairs,director of city government affairs,manager,medium,494,nyc_jobs|manager|medium,gemini_primary,False,ie7945-sprint2-v1,job_postings_unique; language='en'; description_word_count>=80; equal per-source share; round-robin over seniority x length-tercile strata; sha256(seed|posting_id) order; one posting per normalized_job_title,6854d892b4245cab7f836d5a26fcac33812df52ebd701253f68537eb12bef793,operations / management
185,1afa582db8bf7e35cdeb,arbeitnow,Machine Learning Consultant (m/w/d),machine learning consultant,entry,short,491,arbeitnow|entry|short,gemini_primary,False,ie7945-sprint2-v1,job_postings_unique; language='en'; description_word_count>=80; equal per-source share; round-robin over seniority x length-tercile strata; sha256(seed|posting_id) order; one posting per normalized_job_title,1d0300fce8d16f9249cfde95af718b6c01c39d4b076d4e8bf2951fbe5e08bcad,software / data / IT
186,ad0df4806a6f45446df4,nyc_jobs,Community Education Intern,community education intern,intern_student,long,963,nyc_jobs|intern_student|long,gemini_primary,False,ie7945-sprint2-v1,job_postings_unique; language='en'; description_word_count>=80; equal per-source share; round-robin over seniority x length-tercile strata; sha256(seed|posting_id) order; one posting per normalized_job_title,ee4af5185662f7ee7cc7ec22d668fb599b372fdb255449c7ea65b10a2a71b7bb,intern / student
187,3b6214df01e1277e6efd,arbeitnow,"Engineering Manager, Rapid Response Assignment (UK)",engineering manager rapid response assignment uk,manager,long,895,arbeitnow|manager|long,gemini_primary,True,ie7945-sprint2-v1,job_postings_unique; language='en'; description_word_count>=80; equal per-source share; round-robin over seniority x length-tercile strata; sha256(seed|posting_id) order; one posting per normalized_job_title,f273648a6de16d9ac7f2274238e1b49a173b59d6870023200c89140db75d1275,engineering / architecture (non-software)
188,10c829e5b8226b55a98f,nyc_jobs,Hearing Representative – Division of Adjudications,hearing representative division of adjudications,entry,long,1314,nyc_jobs|entry|long,gemini_primary,True,ie7945-sprint2-v1,job_postings_unique; language='en'; description_word_count>=80; equal per-source share; round-robin over seniority x length-tercile strata; sha256(seed|posting_id) order; one posting per normalized_job_title,9cfcd015be01d64fffb5e88c5e0ff87dd26e719a08b18a9c325481e9b9473fee,unclassified
189,8ccc96e16747b7cddc01,arbeitnow,ML Research Engineer,ml research engineer,unknown,short,290,arbeitnow|unknown|short,gemini_primary,False,ie7945-sprint2-v1,job_postings_unique; language='en'; description_word_count>=80; equal per-source share; round-robin over seniority x length-tercile strata; sha256(seed|posting_id) order; one posting per normalized_job_title,fc2abcd8798d808337d39034471919f742f76083d14e140d4f85daf2c6b17791,engineering / architecture (non-software)
190,866bbe954e42aced8045,nyc_jobs,Chief of Staff,chief of staff,executive,long,714,nyc_jobs|executive|long,gemini_primary,False,ie7945-sprint2-v1,job_postings_unique; language='en'; description_word_count>=80; equal per-source share; round-robin over seniority x length-tercile strata; sha256(seed|posting_id) order; one posting per normalized_job_title,f6acf6d8b7c14b70ea872cbb52d492a8cf7af7700126e229dd1f8bfab8ebd7ff,operations / management
191,dc114766ce8996710492,arbeitnow,Senior Android Engineer - Kotlin (m/f/d) - French Market,senior android engineer - kotlin - french market,senior,short,417,arbeitnow|senior|short,gemini_primary,False,ie7945-sprint2-v1,job_postings_unique; language='en'; description_word_count>=80; equal per-source share; round-robin over seniority x length-tercile strata; sha256(seed|posting_id) order; one posting per normalized_job_title,7877997074e6f9f6e5e23651193fe2313989aeb549fe9853576214caff069dcd,engineering / architecture (non-software)
192,013cb5431128103bc44c,nyc_jobs,Deputy Borough Director,deputy borough director,manager,short,380,nyc_jobs|manager|short,gemini_primary,True,ie7945-sprint2-v1,job_postings_unique; language='en'; description_word_count>=80; equal per-source share; round-robin over seniority x length-tercile strata; sha256(seed|posting_id) order; one posting per normalized_job_title,11a7678b5e0f142bdbf489aa900caaec21327a93df30aed4968e4bac44d27093,operations / management
193,5e3441edc7e25b376050,arbeitnow,Enterprise AI adoption lead (UK),enterprise ai adoption lead uk,senior,medium,723,arbeitnow|senior|medium,gemini_primary,True,ie7945-sprint2-v1,job_postings_unique; language='en'; description_word_count>=80; equal per-source share; round-robin over seniority x length-tercile strata; sha256(seed|posting_id) order; one posting per normalized_job_title,48c30be09d7019e057a9605c49c1d5acd52be79ccd41dee866fa7c487810cb3f,software / data / IT
194,01e6c1d93f9f95ae038a,nyc_jobs,Senior Customer Service Representative,senior customer service representative,experienced,short,399,nyc_jobs|experienced|short,gemini_primary,False,ie7945-sprint2-v1,job_postings_unique; language='en'; description_word_count>=80; equal per-source share; round-robin over seniority x length-tercile strata; sha256(seed|posting_id) order; one posting per normalized_job_title,dcc1df9879aaa94ac99ceff59e2f620f789f96e15dbe2e5cde52dabdc5b8b21b,sales / marketing / customer
195,6550a3f44b6c3ae6272f,arbeitnow,Founding Product Engineer,founding product engineer,unknown,medium,700,arbeitnow|unknown|medium,gemini_primary,False,ie7945-sprint2-v1,job_postings_unique; language='en'; description_word_count>=80; equal per-source share; round-robin over seniority x length-tercile strata; sha256(seed|posting_id) order; one posting per normalized_job_title,2fe3fc496d780871961f58abf3a9b245bb3968fe579fae4437f0e1b6ec63e58e,product / design / UX
196,097687274962463b41a1,nyc_jobs,"Vector-borne Disease Epidemiologist, Bureau of Communicable Diseases",vector-borne disease epidemiologist bureau of communicable diseases,experienced,long,988,nyc_jobs|experienced|long,gemini_primary,True,ie7945-sprint2-v1,job_postings_unique; language='en'; description_word_count>=80; equal per-source share; round-robin over seniority x length-tercile strata; sha256(seed|posting_id) order; one posting per normalized_job_title,3e334f89b600df6ebeee2ac499b80234d812bbab2d0e30cf22ccf75dd04e861e,health / social services
197,5eb7ccf7a4a1b7542848,arbeitnow,Team Lead AI Process Automation (m/f/d),team lead ai process automation,experienced,medium,759,arbeitnow|experienced|medium,gemini_primary,False,ie7945-sprint2-v1,job_postings_unique; language='en'; description_word_count>=80; equal per-source share; round-robin over seniority x length-tercile strata; sha256(seed|posting_id) order; one posting per normalized_job_title,75c72bdb63c128a1f482082c506ef95e2f8e53742b15038aeca1d30c6debd356,software / data / IT
198,8c23e74736cc2781370b,nyc_jobs,Bronx Community Board 6 College Aide,bronx community board 6 college aide,intern_student,short,120,nyc_jobs|intern_student|short,gemini_primary,False,ie7945-sprint2-v1,job_postings_unique; language='en'; description_word_count>=80; equal per-source share; round-robin over seniority x length-tercile strata; sha256(seed|posting_id) order; one posting per normalized_job_title,437478aa406c7d022c3e45aaa3faa279ac286a659af1d72092e853aaabc45cdf,unclassified
199,dc4ffbc270be451c9891,arbeitnow,Founders Associate - Engagement Innovation (all genders),founders associate - engagement innovation,entry,medium,683,arbeitnow|entry|medium,gemini_primary,True,ie7945-sprint2-v1,job_postings_unique; language='en'; description_word_count>=80; equal per-source share; round-robin over seniority x length-tercile strata; sha256(seed|posting_id) order; one posting per normalized_job_title,717eeba53fa39c4e0e20cce853ca831648feb4c23397770553f1cddb90eed130,unclassified
200,a95be8d6a74b44a6dd2e,nyc_jobs,Citywide Constituent Affairs Lead,citywide constituent affairs lead,entry,short,360,nyc_jobs|entry|short,gemini_primary,False,ie7945-sprint2-v1,job_postings_unique; language='en'; description_word_count>=80; equal per-source share; round-robin over seniority x length-tercile strata; sha256(seed|posting_id) order; one posting per normalized_job_title,22850e4dbf80b3fc0ab1cfac313734ba6dfa15adfbf030189137ff443b83f511,operations / management
