posting_id,source,job_title,title_group_analysis_only,sample_rank,phase,annotator_a,in_audit_20,annotator_b,label_file_a,label_file_b,selection_rule
80f6da7f0eec5c160699,nyc_jobs,Executive Director,operations / management,2,dual_model,required,False,,data/annotations/task_gold_100.csv,,gold: in_gold_100 flag of frozen sample
4c7cd47d220c0129298d,nyc_jobs,Circular Economy Program Manager,policy / research / planning,4,dual_model,required,False,,data/annotations/task_gold_100.csv,,gold: in_gold_100 flag of frozen sample
80fd4a82c581d7be2fd6,nyc_jobs,Appraiser Intern,intern / student,6,dual_model,required,True,required (blind to A),data/annotations/task_gold_100.csv,data/annotations/task_gold_audit_20_annotator_b.csv,"audit: 10/source, sha256(seed|audit|posting_id), title-group spread first"
615ca0f86df809abe767,arbeitnow,VP - Head of Toronto,operations / management,7,dual_model,required,False,,data/annotations/task_gold_100.csv,,gold: in_gold_100 flag of frozen sample
e2b9292f713a5f914995,arbeitnow,CEO / Business Co-Founder (f/m/d) role at startup FAMILY FLOW,unclassified,11,dual_model,required,False,,data/annotations/task_gold_100.csv,,gold: in_gold_100 flag of frozen sample
798de891e649970c4db8,arbeitnow,Principal AI Engineer (m/f/x) - Industrial AI Engineering,software / data / IT,13,dual_model,required,False,,data/annotations/task_gold_100.csv,,gold: in_gold_100 flag of frozen sample
6a99e4f165697e252b17,nyc_jobs,College Aide,unclassified,16,dual_model,required,False,,data/annotations/task_gold_100.csv,,gold: in_gold_100 flag of frozen sample
a73048332d44b501d8e8,arbeitnow,Capital Markets Associate,unclassified,17,dual_model,required,False,,data/annotations/task_gold_100.csv,,gold: in_gold_100 flag of frozen sample
56a023230654f22dd021,nyc_jobs,Community Assistant,HR / people / admin,18,dual_model,required,False,,data/annotations/task_gold_100.csv,,gold: in_gold_100 flag of frozen sample
3b4c29db562915cd966f,nyc_jobs,"Clearance Supervisor, Bureau of Childcare",operations / management,20,dual_model,required,False,,data/annotations/task_gold_100.csv,,gold: in_gold_100 flag of frozen sample
41791a6083070a346971,arbeitnow,People & Culture Specialist (f/m/d),HR / people / admin,21,dual_model,required,False,,data/annotations/task_gold_100.csv,,gold: in_gold_100 flag of frozen sample
fccbd6e81ed853cffd6d,arbeitnow,Fuel Cycle Fuel Recycling Lead (f/m/d),operations / management,25,dual_model,required,False,,data/annotations/task_gold_100.csv,,gold: in_gold_100 flag of frozen sample
622c7c71deb0fb8b4880,nyc_jobs,"Director, Reasonable Accommodations",operations / management,26,dual_model,required,False,,data/annotations/task_gold_100.csv,,gold: in_gold_100 flag of frozen sample
506dc4579e5e38a043d9,arbeitnow,Fullstack Platform Engineer,engineering / architecture (non-software),27,dual_model,required,True,required (blind to A),data/annotations/task_gold_100.csv,data/annotations/task_gold_audit_20_annotator_b.csv,"audit: 10/source, sha256(seed|audit|posting_id), title-group spread first"
2213f5426499a37cd6e2,nyc_jobs,Construction Intern,engineering / architecture (non-software),28,dual_model,required,False,,data/annotations/task_gold_100.csv,,gold: in_gold_100 flag of frozen sample
a146bd4acd3f84c2cf13,arbeitnow,Junior Data Engineer & MarTech Specialist (Mobile Apps) (m/w/d),software / data / IT,31,dual_model,required,True,required (blind to A),data/annotations/task_gold_100.csv,data/annotations/task_gold_audit_20_annotator_b.csv,"audit: 10/source, sha256(seed|audit|posting_id), title-group spread first"
835d55784f762bec770d,nyc_jobs,"Deputy Director, SLA",operations / management,34,dual_model,required,True,required (blind to A),data/annotations/task_gold_100.csv,data/annotations/task_gold_audit_20_annotator_b.csv,"audit: 10/source, sha256(seed|audit|posting_id), title-group spread first"
6abe29c3ccb7241a403c,arbeitnow,Product Growth Manager,product / design / UX,35,dual_model,required,True,required (blind to A),data/annotations/task_gold_100.csv,data/annotations/task_gold_audit_20_annotator_b.csv,"audit: 10/source, sha256(seed|audit|posting_id), title-group spread first"
4b0c7f0ad5cce52c7bdf,nyc_jobs,IT Intern,software / data / IT,36,dual_model,required,False,,data/annotations/task_gold_100.csv,,gold: in_gold_100 flag of frozen sample
50d7802bf29a2fa99d4e,nyc_jobs,Contract Administrator,finance / accounting / audit,38,dual_model,required,False,,data/annotations/task_gold_100.csv,,gold: in_gold_100 flag of frozen sample
4b04c180a59634bd2d72,arbeitnow,Founder's Associate (f/m/x),unclassified,39,dual_model,required,False,,data/annotations/task_gold_100.csv,,gold: in_gold_100 flag of frozen sample
06b6dd6358027314646f,nyc_jobs,Chief Operations Officer/Deputy Commissioner of Ferries,HR / people / admin,40,dual_model,required,False,,data/annotations/task_gold_100.csv,,gold: in_gold_100 flag of frozen sample
5f6558e9db057f08f998,arbeitnow,Tech Lead / CTO (m/w/d),software / data / IT,43,dual_model,required,False,,data/annotations/task_gold_100.csv,,gold: in_gold_100 flag of frozen sample
b7f5516481d961d55a51,nyc_jobs,Division Administrative Officer,HR / people / admin,50,dual_model,required,False,,data/annotations/task_gold_100.csv,,gold: in_gold_100 flag of frozen sample
c06ce1a21ee6fe762ca6,nyc_jobs,OUTREACH SPECIALIST,sales / marketing / customer,52,dual_model,required,True,required (blind to A),data/annotations/task_gold_100.csv,data/annotations/task_gold_audit_20_annotator_b.csv,"audit: 10/source, sha256(seed|audit|posting_id), title-group spread first"
295b620938f1b4ef0c48,nyc_jobs,"College Intern, Bureau of Public Health Clinics",health / social services,56,dual_model,required,False,,data/annotations/task_gold_100.csv,,gold: in_gold_100 flag of frozen sample
74a1bfae7e7e258d28b5,arbeitnow,GTM Internship,intern / student,57,dual_model,required,True,required (blind to A),data/annotations/task_gold_100.csv,data/annotations/task_gold_audit_20_annotator_b.csv,"audit: 10/source, sha256(seed|audit|posting_id), title-group spread first"
3b1acd7dae8f6c808655,nyc_jobs,Analyst Data and Systems,software / data / IT,58,dual_model,required,False,,data/annotations/task_gold_100.csv,,gold: in_gold_100 flag of frozen sample
391112a1f4a8d0187e88,nyc_jobs,"Deputy Commissioner/Chief Equity Officer, Center for Health Equity and Community Wellness",HR / people / admin,60,dual_model,required,False,,data/annotations/task_gold_100.csv,,gold: in_gold_100 flag of frozen sample
05bb010df9f681ecfb8e,arbeitnow,Product Manager - Wealth,product / design / UX,61,dual_model,required,False,,data/annotations/task_gold_100.csv,,gold: in_gold_100 flag of frozen sample
105e8d569cdb317f77c3,nyc_jobs,Special Assistant Intern - Operations,HR / people / admin,64,dual_model,required,False,,data/annotations/task_gold_100.csv,,gold: in_gold_100 flag of frozen sample
751a53b56992ff974884,nyc_jobs,Program Officer,HR / people / admin,66,dual_model,required,False,,data/annotations/task_gold_100.csv,,gold: in_gold_100 flag of frozen sample
96e7892a422bcab5f86d,arbeitnow,Purview Expert (m/w/d),unclassified,71,dual_model,required,True,required (blind to A),data/annotations/task_gold_100.csv,data/annotations/task_gold_audit_20_annotator_b.csv,"audit: 10/source, sha256(seed|audit|posting_id), title-group spread first"
5095082b7a5e8e644d85,nyc_jobs,Summons Processing Support,unclassified,72,dual_model,required,False,,data/annotations/task_gold_100.csv,,gold: in_gold_100 flag of frozen sample
4fafe3e6f5d7b74b4363,arbeitnow,Account Manager,finance / accounting / audit,73,dual_model,required,False,,data/annotations/task_gold_100.csv,,gold: in_gold_100 flag of frozen sample
24be9713838ce65bb2d1,arbeitnow,Senior Account Executive - Enterprise,finance / accounting / audit,75,dual_model,required,False,,data/annotations/task_gold_100.csv,,gold: in_gold_100 flag of frozen sample
666f7ebc34ffed256a13,nyc_jobs,Field Scientist,unclassified,78,dual_model,required,False,,data/annotations/task_gold_100.csv,,gold: in_gold_100 flag of frozen sample
f32ccf878072947e70ec,arbeitnow,"Legal Analyst / Research Associate (m/f/d) – part-time, fixed-term",legal / compliance,81,dual_model,required,True,required (blind to A),data/annotations/task_gold_100.csv,data/annotations/task_gold_audit_20_annotator_b.csv,"audit: 10/source, sha256(seed|audit|posting_id), title-group spread first"
a845c36fc3eb4caf98fb,arbeitnow,Platform Engineer,engineering / architecture (non-software),83,dual_model,required,False,,data/annotations/task_gold_100.csv,,gold: in_gold_100 flag of frozen sample
0b027611629b03f366f3,nyc_jobs,Public Health Assistant,HR / people / admin,84,dual_model,required,False,,data/annotations/task_gold_100.csv,,gold: in_gold_100 flag of frozen sample
b63d2a18a86b9e94e299,arbeitnow,Executive Assistant - Chief Product Officer & Chief Technology Officer,product / design / UX,85,dual_model,required,False,,data/annotations/task_gold_100.csv,,gold: in_gold_100 flag of frozen sample
35b02096d9f13d0f2a54,nyc_jobs,"Executive Director, Office of Suicide Prevention",HR / people / admin,86,dual_model,required,False,,data/annotations/task_gold_100.csv,,gold: in_gold_100 flag of frozen sample
49b81c39bff279fde4a8,arbeitnow,"Director/Senior Director, Strategic Solutions",operations / management,87,dual_model,required,False,,data/annotations/task_gold_100.csv,,gold: in_gold_100 flag of frozen sample
41fd8f1659c66291c006,nyc_jobs,"Social Work Director, Assigned Counsel Plan",legal / compliance,88,dual_model,required,False,,data/annotations/task_gold_100.csv,,gold: in_gold_100 flag of frozen sample
4fd5cae42eb3035824ee,arbeitnow,Senior Electrical Engineer (m/f/d),engineering / architecture (non-software),93,dual_model,required,False,,data/annotations/task_gold_100.csv,,gold: in_gold_100 flag of frozen sample
3ca1b50483595c10a701,nyc_jobs,SUSTAINABILITY ANALYST 1,policy / research / planning,94,dual_model,required,True,required (blind to A),data/annotations/task_gold_100.csv,data/annotations/task_gold_audit_20_annotator_b.csv,"audit: 10/source, sha256(seed|audit|posting_id), title-group spread first"
a3b54b0d34e7b105604f,arbeitnow,Business / Industry Co-Founder (F/M/D) Role At Startup Guardsphere,unclassified,95,dual_model,required,False,,data/annotations/task_gold_100.csv,,gold: in_gold_100 flag of frozen sample
6a42c683d57c96dc4e72,nyc_jobs,Communications Intern,sales / marketing / customer,96,dual_model,required,False,,data/annotations/task_gold_100.csv,,gold: in_gold_100 flag of frozen sample
4fed033c30fe7a78c1a5,arbeitnow,Customer Success Expert (m/f/d) for the European AI Factory HammerHAI,software / data / IT,97,dual_model,required,False,,data/annotations/task_gold_100.csv,,gold: in_gold_100 flag of frozen sample
53ca8a5ad02b99123994,nyc_jobs,"Director of the Enforcement Unit, Office of General Counsel",legal / compliance,100,dual_model,required,True,required (blind to A),data/annotations/task_gold_100.csv,data/annotations/task_gold_audit_20_annotator_b.csv,"audit: 10/source, sha256(seed|audit|posting_id), title-group spread first"
4af8e56faeb5bf3cb868,nyc_jobs,Executive Assistant,HR / people / admin,104,gemini_primary,required,False,,data/annotations/task_gold_100.csv,,gold: in_gold_100 flag of frozen sample
12267268cf274f232ece,arbeitnow,Senior Software Engineer - Local payments,software / data / IT,109,gemini_primary,required,False,,data/annotations/task_gold_100.csv,,gold: in_gold_100 flag of frozen sample
9d7d2b090d3262dd7f95,nyc_jobs,Facilities Assistant,HR / people / admin,110,gemini_primary,required,False,,data/annotations/task_gold_100.csv,,gold: in_gold_100 flag of frozen sample
9497a6d2dd74efc6f1d5,arbeitnow,AIT & Electronics Technician,trades / facilities / public safety,111,gemini_primary,required,True,required (blind to A),data/annotations/task_gold_100.csv,data/annotations/task_gold_audit_20_annotator_b.csv,"audit: 10/source, sha256(seed|audit|posting_id), title-group spread first"
0bd6f04e2cb94755955c,nyc_jobs,Director of Procurement & Program Management,finance / accounting / audit,112,gemini_primary,required,True,required (blind to A),data/annotations/task_gold_100.csv,data/annotations/task_gold_audit_20_annotator_b.csv,"audit: 10/source, sha256(seed|audit|posting_id), title-group spread first"
644e4b17868b56c3bb3a,arbeitnow,Group Design Platform Software & AI Architect (m/f/d),software / data / IT,113,gemini_primary,required,False,,data/annotations/task_gold_100.csv,,gold: in_gold_100 flag of frozen sample
2557d72d6c8e6a5e8365,nyc_jobs,Deputy Director of Strategy Implementation,operations / management,114,gemini_primary,required,False,,data/annotations/task_gold_100.csv,,gold: in_gold_100 flag of frozen sample
1b9dc57735af5fe3ad3d,nyc_jobs,COLLEGE AIDE Miscellaneous Revenue,unclassified,116,gemini_primary,required,False,,data/annotations/task_gold_100.csv,,gold: in_gold_100 flag of frozen sample
ef37f5e4a74b94f5fcce,arbeitnow,"Senior Software Engineer, Event Streaming Systems",software / data / IT,117,gemini_primary,required,False,,data/annotations/task_gold_100.csv,,gold: in_gold_100 flag of frozen sample
07d3cbd036de93e87603,nyc_jobs,"Supervisor of the Payroll Funding, Certification and ACH Unit (PFCAU)",finance / accounting / audit,118,gemini_primary,required,False,,data/annotations/task_gold_100.csv,,gold: in_gold_100 flag of frozen sample
e3691fb293998ec2d9b6,arbeitnow,"Senior Product Manager, Technical (m/f/d)",product / design / UX,119,gemini_primary,required,False,,data/annotations/task_gold_100.csv,,gold: in_gold_100 flag of frozen sample
a462d24b2748471a3f2b,arbeitnow,Finance & Operations Associate (m/f/d),finance / accounting / audit,123,gemini_primary,required,True,required (blind to A),data/annotations/task_gold_100.csv,data/annotations/task_gold_audit_20_annotator_b.csv,"audit: 10/source, sha256(seed|audit|posting_id), title-group spread first"
5c4a5e28ceaa8b8e776f,arbeitnow,Customer Success Engineer ( London),engineering / architecture (non-software),125,gemini_primary,required,False,,data/annotations/task_gold_100.csv,,gold: in_gold_100 flag of frozen sample
458f5701d4c9512eedc8,arbeitnow,Chief of Staff to the Co-CEO - m/f/d,operations / management,127,gemini_primary,required,False,,data/annotations/task_gold_100.csv,,gold: in_gold_100 flag of frozen sample
c70eb7d0a2e70e711e53,nyc_jobs,HOUSING COURT PROCESSING TEAM SUPERVISOR,operations / management,128,gemini_primary,required,False,,data/annotations/task_gold_100.csv,,gold: in_gold_100 flag of frozen sample
c46d30ec6da3e3d14ecb,arbeitnow,Sales Director - Electric Aviation (all genders),engineering / architecture (non-software),129,gemini_primary,required,False,,data/annotations/task_gold_100.csv,,gold: in_gold_100 flag of frozen sample
fa720a68585d2099f1eb,arbeitnow,"Chief of Staff, Strategy & AI Enablement",software / data / IT,133,gemini_primary,required,False,,data/annotations/task_gold_100.csv,,gold: in_gold_100 flag of frozen sample
628655b95b209e282632,arbeitnow,Senior Account Manager (all genders),finance / accounting / audit,135,gemini_primary,required,False,,data/annotations/task_gold_100.csv,,gold: in_gold_100 flag of frozen sample
8fb372a7f51bdc82f220,arbeitnow,Founder's Associate to the CTO,unclassified,137,gemini_primary,required,False,,data/annotations/task_gold_100.csv,,gold: in_gold_100 flag of frozen sample
a1aac521f271426f1c3d,nyc_jobs,"Executive Director of Human Resources, Bureau of Human Resources and Labor Relations",HR / people / admin,138,gemini_primary,required,False,,data/annotations/task_gold_100.csv,,gold: in_gold_100 flag of frozen sample
f25af77c04bb7b98c3f6,arbeitnow,People & Talent (Intern),HR / people / admin,141,gemini_primary,required,False,,data/annotations/task_gold_100.csv,,gold: in_gold_100 flag of frozen sample
b496efdb5d4ba53caff6,nyc_jobs,Prosecution College Aide,unclassified,142,gemini_primary,required,False,,data/annotations/task_gold_100.csv,,gold: in_gold_100 flag of frozen sample
da3b2951a4e9f5857f38,arbeitnow,Ausbildung zum Fachinformatiker für Systemintegration (m/f/d),unclassified,143,gemini_primary,required,False,,data/annotations/task_gold_100.csv,,gold: in_gold_100 flag of frozen sample
45ec14d7fc4b48a6858a,arbeitnow,Team Lead - Visual Localization,operations / management,145,gemini_primary,required,False,,data/annotations/task_gold_100.csv,,gold: in_gold_100 flag of frozen sample
549e8d159a9b700b28af,nyc_jobs,"Early Intervention Official Designee, Bureau of Early Intervention",product / design / UX,146,gemini_primary,required,True,required (blind to A),data/annotations/task_gold_100.csv,data/annotations/task_gold_audit_20_annotator_b.csv,"audit: 10/source, sha256(seed|audit|posting_id), title-group spread first"
8158c179ee705f36b7ca,arbeitnow,Product Designer (UI/UX),product / design / UX,147,gemini_primary,required,False,,data/annotations/task_gold_100.csv,,gold: in_gold_100 flag of frozen sample
07ef093d7aa6614f0a82,nyc_jobs,Human Resources College Aide,HR / people / admin,148,gemini_primary,required,False,,data/annotations/task_gold_100.csv,,gold: in_gold_100 flag of frozen sample
464d3d3312512fd7f8d0,nyc_jobs,ASSISTANT RESIDENT BUILDING SUPT,HR / people / admin,150,gemini_primary,required,False,,data/annotations/task_gold_100.csv,,gold: in_gold_100 flag of frozen sample
3613b2486df0c4c5d71a,arbeitnow,System Integration Senior Engineer (Functional Focus),engineering / architecture (non-software),151,gemini_primary,required,False,,data/annotations/task_gold_100.csv,,gold: in_gold_100 flag of frozen sample
a9268008dd18f84aff54,arbeitnow,Associate Data Scientist (f/m/d),software / data / IT,157,gemini_primary,required,False,,data/annotations/task_gold_100.csv,,gold: in_gold_100 flag of frozen sample
1742269a66920b58cfba,nyc_jobs,Deputy Assistant Director Sandy Grant Management,HR / people / admin,158,gemini_primary,required,True,required (blind to A),data/annotations/task_gold_100.csv,data/annotations/task_gold_audit_20_annotator_b.csv,"audit: 10/source, sha256(seed|audit|posting_id), title-group spread first"
ab2db63d3df2cbb9d730,nyc_jobs,"Graduate Intern, Youth Financial Empowerment",finance / accounting / audit,160,gemini_primary,required,False,,data/annotations/task_gold_100.csv,,gold: in_gold_100 flag of frozen sample
514d14a0cdbffddf9491,arbeitnow,(Sr.) Key Account Manager Retail - French Market,finance / accounting / audit,161,gemini_primary,required,False,,data/annotations/task_gold_100.csv,,gold: in_gold_100 flag of frozen sample
a5cc492b8fcc77fb1848,nyc_jobs,Executive Director of Environmental Health Legal,legal / compliance,164,gemini_primary,required,False,,data/annotations/task_gold_100.csv,,gold: in_gold_100 flag of frozen sample
14d07b37d97f6b76cebb,arbeitnow,Office Assistant (Part Time) - UK,HR / people / admin,165,gemini_primary,required,True,required (blind to A),data/annotations/task_gold_100.csv,data/annotations/task_gold_audit_20_annotator_b.csv,"audit: 10/source, sha256(seed|audit|posting_id), title-group spread first"
0b2d4a40fa501be8086c,arbeitnow,Customer Success Application Engineer (EMEA),engineering / architecture (non-software),167,gemini_primary,required,False,,data/annotations/task_gold_100.csv,,gold: in_gold_100 flag of frozen sample
55f5a8caeb1de0a5ef8c,nyc_jobs,Community Affairs Organizer,unclassified,170,gemini_primary,required,False,,data/annotations/task_gold_100.csv,,gold: in_gold_100 flag of frozen sample
563e6c42e3b5851e81d8,nyc_jobs,"Child Care Inspection Supervisor, Bureau of Childcare",operations / management,172,gemini_primary,required,False,,data/annotations/task_gold_100.csv,,gold: in_gold_100 flag of frozen sample
4104f785e0ac83dab8a3,arbeitnow,Working Student - Operations (f/m/d),operations / management,173,gemini_primary,required,True,required (blind to A),data/annotations/task_gold_100.csv,data/annotations/task_gold_audit_20_annotator_b.csv,"audit: 10/source, sha256(seed|audit|posting_id), title-group spread first"
68daba4b975c991f0b36,nyc_jobs,Budget Intern,finance / accounting / audit,174,gemini_primary,required,False,,data/annotations/task_gold_100.csv,,gold: in_gold_100 flag of frozen sample
be1b0255a559ee527bc9,arbeitnow,Founders Associate - CEO Office (m/f/d) - AI health-tech,software / data / IT,175,gemini_primary,required,False,,data/annotations/task_gold_100.csv,,gold: in_gold_100 flag of frozen sample
1df980408a2da22c4082,nyc_jobs,Senior Rackets Investigator,unclassified,180,gemini_primary,required,True,required (blind to A),data/annotations/task_gold_100.csv,data/annotations/task_gold_audit_20_annotator_b.csv,"audit: 10/source, sha256(seed|audit|posting_id), title-group spread first"
56c9cb0250807bd7024b,nyc_jobs,Special Officer,HR / people / admin,182,gemini_primary,required,False,,data/annotations/task_gold_100.csv,,gold: in_gold_100 flag of frozen sample
9adaeee050c4ec5d83dd,arbeitnow,Working Student Recruiting (m/f/d),HR / people / admin,183,gemini_primary,required,False,,data/annotations/task_gold_100.csv,,gold: in_gold_100 flag of frozen sample
3b6214df01e1277e6efd,arbeitnow,"Engineering Manager, Rapid Response Assignment (UK)",engineering / architecture (non-software),187,gemini_primary,required,False,,data/annotations/task_gold_100.csv,,gold: in_gold_100 flag of frozen sample
10c829e5b8226b55a98f,nyc_jobs,Hearing Representative – Division of Adjudications,unclassified,188,gemini_primary,required,False,,data/annotations/task_gold_100.csv,,gold: in_gold_100 flag of frozen sample
013cb5431128103bc44c,nyc_jobs,Deputy Borough Director,operations / management,192,gemini_primary,required,False,,data/annotations/task_gold_100.csv,,gold: in_gold_100 flag of frozen sample
5e3441edc7e25b376050,arbeitnow,Enterprise AI adoption lead (UK),software / data / IT,193,gemini_primary,required,False,,data/annotations/task_gold_100.csv,,gold: in_gold_100 flag of frozen sample
097687274962463b41a1,nyc_jobs,"Vector-borne Disease Epidemiologist, Bureau of Communicable Diseases",health / social services,196,gemini_primary,required,True,required (blind to A),data/annotations/task_gold_100.csv,data/annotations/task_gold_audit_20_annotator_b.csv,"audit: 10/source, sha256(seed|audit|posting_id), title-group spread first"
dc4ffbc270be451c9891,arbeitnow,Founders Associate - Engagement Innovation (all genders),unclassified,199,gemini_primary,required,False,,data/annotations/task_gold_100.csv,,gold: in_gold_100 flag of frozen sample
